Source;Target;Weight
14;76;0.8762097781
14;88;0.7576093198
14;19;0.8739483287
14;109;0.8480588586
14;105;0.6971651246
14;50;0.8480588586
14;83;0.5922291837
14;32;0.3150058422
14;96;0.8480588586
14;44;0.5714421195
14;42;0.8480588586
14;18;0.8480588586
14;100;0.7576093198
14;102;0.7198804742
14;34;0.7576093198
14;59;0.9643978675
14;91;0.8480588586
14;53;0.7576093198
14;33;0.7576093198
14;45;0.7576093198
14;84;0.8480588586
14;72;0.7576093198
14;22;0.6891480201
14;31;0.8480588586
14;80;0.7576093198
14;94;0.6050588558
14;69;0.8480588586
14;15;0.7576093198
14;37;0.8480588586
14;39;0.7576093198
14;97;0.7576093198
14;49;0.7083356484
14;87;0.8836609911
14;89;0.6178861096
14;46;0.5909161237
14;107;0.8480588586
14;93;0.8480588586
14;64;0.7294883577
14;51;0.7294883577
14;67;0.6618916583
14;35;0.7172626682
14;98;0.5878226413
14;82;0.8739483287
14;38;0.7576093198
14;27;0.7576093198
14;86;0.7576093198
14;16;0.7195241176
14;70;0.8246746573
14;36;0.7576093198
14;85;0.7576093198
14;103;0.7576093198
14;63;0.7294883577
14;25;0.7576093198
14;48;0.5960223537
14;110;0.6502300954
14;17;0.7576093198
14;20;0.8739483287
14;95;0.6580225036
14;104;0.8480588586
14;77;0.8208881974
14;40;0.9643978675
14;79;0.5037892036
14;26;0.8739483287
14;21;0.8480588586
14;74;0.7294883577
14;47;0.8077122071
14;61;0.6364839095
14;75;0.7294883577
14;68;0.7576093198
14;23;0.7556668136
14;111;0.8480588586
14;43;0.7576093198
14;28;0.7172626682
14;56;0.6050588558
14;29;0.8480588586
14;57;0.7304386586
14;90;0.8480588586
14;71;0.7576093198
14;92;0.6500097865
14;108;0.6364839095
14;41;0.7576093198
14;24;0.7294883577
14;52;0.6580225036
14;60;0.9643978675
14;13;0.8480588586
14;106;0.6250003811
14;54;0.7576093198
14;101;0.7172626682
14;99;0.8480588586
14;58;0.7576093198
14;65;0.7627488745
14;66;0.6580225036
14;73;0.9643978675
14;30;0.7576093198
14;78;0.7576093198
14;81;0.7576093198
14;55;0.7126459872
14;62;0.8461163524
14;12;0.7576093198
76;88;0.3439804844
76;19;0.7314119873
76;109;0.4649526155
76;105;0.5546287832
76;50;0.5773801061
76;83;0.3067427594
76;32;0.192088073
76;96;0.5773801061
76;44;0.6266628242
76;42;0.5930950266
76;18;0.4649526155
76;100;0.4869305673
76;102;0.5773441327
76;34;0.5221189583
76;59;0.4383415415
76;91;0.4344300232
76;53;0.4869305673
76;33;0.4869305673
76;45;0.4869305673
76;84;0.5773801061
76;72;0.4869305673
76;22;0.3182957156
76;31;0.4649526155
76;80;0.3439804844
76;94;0.1914300204
76;69;0.7055225172
76;15;0.4869305673
76;37;0.5773801061
76;39;0.4869305673
76;97;0.4869305673
76;49;0.3104217335
76;87;0.2697387506
76;89;0.4876037069
76;46;0.189541227
76;107;0.5773801061
76;93;0.5930950266
76;64;0.4710635438
76;51;0.4588096051
76;67;0.2482628229
76;35;0.3036338329
76;98;0.4824171971
76;82;0.6032695762
76;38;0.3439804844
76;27;0.4869305673
76;86;0.4721228955
76;16;0.2816558811
76;70;0.5697108253
76;36;0.3439804844
76;85;0.4869305673
76;103;0.6150729784
76;63;0.4440019334
76;25;0.4869305673
76;48;0.3253436012
76;110;0.3795513429
76;17;0.4869305673
76;20;0.6032695762
76;95;0.2443936682
76;104;0.7055225172
76;77;0.4072593621
76;40;0.5812916244
76;79;0.2331104511
76;26;0.6032695762
76;21;0.5625724343
76;74;0.4588096051
76;47;0.3940833717
76;61;0.2228550742
76;75;0.4588096051
76;68;0.4869305673
76;23;0.6150729784
76;111;0.4649526155
76;43;0.6150729784
76;28;0.4817723068
76;56;0.3343801032
76;29;0.4649526155
76;57;0.3168098232
76;90;0.7055225172
76;71;0.4869305673
76;92;0.3712512516
76;108;0.365805157
76;41;0.3562344231
76;24;0.4588096051
76;52;0.2443936682
76;60;0.4383415415
76;13;0.4344300232
76;106;0.2133140519
76;54;0.6150729784
76;101;0.3036338329
76;99;0.3220025326
76;58;0.3439804844
76;65;0.2366925485
76;66;0.3873437511
76;73;0.4383415415
76;30;0.4869305673
76;78;0.6150729784
76;81;0.3439804844
76;55;0.2990171518
76;62;0.3220025326
76;12;0.4869305673
88;19;0.8079327143
88;109;0.7216879741
88;105;0.5406999714
88;50;0.9738172496
88;83;0.6425525782
88;32;0.5009127943
88;96;0.9738172496
88;44;0.8138327997
88;42;0.7216879741
88;18;0.6955052237
88;100;0.9738172496
88;102;0.7812153478
88;34;0.8079327143
88;59;0.7216879741
88;91;0.8079327143
88;53;0.8079327143
88;33;0.8079327143
88;45;0.8079327143
88;84;0.8079327143
88;72;0.8079327143
88;22;0.5365943852
88;31;0.6955052237
88;80;0.8079327143
88;94;0.6815650007
88;69;0.8079327143
88;15;0.8079327143
88;37;0.8079327143
88;39;0.8079327143
88;97;0.8079327143
88;49;0.5557820135
88;87;0.6432414416
88;89;0.6943922546
88;46;0.6511465456
88;107;0.8079327143
88;93;0.6955052237
88;64;0.6500169947
88;51;0.7897187795
88;67;0.621765514
88;35;0.7675860627
88;98;0.4821685279
88;82;0.8079327143
88;38;0.8079327143
88;27;0.8079327143
88;86;0.8079327143
88;16;0.5669704827
88;70;0.581964764
88;36;0.8079327143
88;85;0.8079327143
88;103;0.8079327143
88;63;0.6500169947
88;25;0.8079327143
88;48;0.9506446614
88;110;0.7005534899
88;17;0.8079327143
88;20;0.8079327143
88;95;0.8742304333
88;104;0.8079327143
88;77;0.686807304
88;40;0.6955052237
88;79;0.6324022001
88;26;0.8079327143
88;21;0.9738172496
88;74;0.6238342443
88;47;0.7675860627
88;61;0.686807304
88;75;0.6238342443
88;68;0.8079327143
88;23;0.8059902081
88;111;0.6955052237
88;43;0.8079327143
88;28;0.7675860627
88;56;0.8212667855
88;29;0.6955052237
88;57;0.7129900545
88;90;0.8079327143
88;71;0.8079327143
88;92;0.7837762057
88;108;0.686807304
88;41;0.8079327143
88;24;0.6238342443
88;52;0.7083458981
88;60;0.6955052237
88;13;0.8341154648
88;106;0.6753237756
88;54;0.8079327143
88;101;0.7675860627
88;99;0.6955052237
88;58;0.8079327143
88;65;0.63637799
88;66;0.7083458981
88;73;0.7216879741
88;30;0.8079327143
88;78;0.8079327143
88;81;0.8079327143
88;55;0.7629693817
88;62;0.6935627175
88;12;0.8079327143
19;109;0.6430910894
19;105;0.7327672571
19;50;0.75551858
19;83;0.5753307722
19;32;0.4606760857
19;96;0.75551858
19;44;0.717112363
19;42;0.7712335005
19;18;0.6430910894
19;100;0.75551858
19;102;0.7554826067
19;34;0.6125684972
19;59;0.6164800154
19;91;0.6125684972
19;53;0.75551858
19;33;0.75551858
19;45;0.75551858
19;84;0.75551858
19;72;0.75551858
19;22;0.4841802509
19;31;0.6430910894
19;80;0.6125684972
19;94;0.4600180331
19;69;0.8836609911
19;15;0.75551858
19;37;0.75551858
19;39;0.75551858
19;97;0.75551858
19;49;0.4885602074
19;87;0.4478772245
19;89;0.7439377809
19;46;0.2898977932
19;107;0.75551858
19;93;0.7712335005
19;64;0.57142011
19;51;0.57142011
19;67;0.4264012968
19;35;0.5722218456
19;98;0.4149467218
19;82;0.8718575889
19;38;0.6125684972
19;27;0.75551858
19;86;0.7407109082
19;16;0.3716062656
19;70;0.7478492992
19;36;0.6125684972
19;85;0.75551858
19;103;0.8836609911
19;63;0.5566124382
19;25;0.75551858
19;48;0.5939316139
19;110;0.6481393556
19;17;0.75551858
19;20;0.8718575889
19;95;0.5129816809
19;104;0.8836609911
19;77;0.585397836
19;40;0.7594300983
19;79;0.4444045083
19;26;0.8718575889
19;21;0.7407109082
19;74;0.57142011
19;47;0.5722218456
19;61;0.4914430869
19;75;0.57142011
19;68;0.75551858
19;23;0.8817184849
19;111;0.6430910894
19;43;0.8836609911
19;28;0.5722218456
19;56;0.602968116
19;29;0.6430910894
19;57;0.585397836
19;90;0.8836609911
19;71;0.75551858
19;92;0.7313620714
19;108;0.6343931697
19;41;0.6125684972
19;24;0.57142011
19;52;0.5129816809
19;60;0.6164800154
19;13;0.6125684972
19;106;0.4799595584
19;54;0.8836609911
19;101;0.5722218456
19;99;0.5001410065
19;58;0.6125684972
19;65;0.4148310224
19;66;0.6559317638
19;73;0.6164800154
19;30;0.75551858
19;78;0.8836609911
19;81;0.6125684972
19;55;0.5676051646
19;62;0.4981985003
19;12;0.75551858
109;105;0.6616211741
109;50;0.928853917
109;83;0.5300741592
109;32;0.5435618838
109;96;0.928853917
109;44;0.8261809116
109;42;0.9550366674
109;18;0.9227799962
109;100;0.8384043782
109;102;0.8006755325
109;34;0.6954542953
109;59;0.8120865845
109;91;0.7859038341
109;53;0.8384043782
109;33;0.8384043782
109;45;0.8384043782
109;84;0.928853917
109;72;0.8384043782
109;22;0.7699430785
109;31;0.928853917
109;80;0.6954542953
109;94;0.5690865817
109;69;0.9738172496
109;15;0.8384043782
109;37;0.928853917
109;39;0.8384043782
109;97;0.8384043782
109;49;0.6461806239
109;87;0.733640052
109;89;0.7187899977
109;46;0.5287610992
109;107;0.928853917
109;93;0.928853917
109;64;0.8364661665
109;51;0.810283416
109;67;0.5997366338
109;35;0.7000709763
109;98;0.5256676168
109;82;0.8384043782
109;38;0.6954542953
109;27;0.8384043782
109;86;0.6954542953
109;16;0.6573690931
109;70;0.8153134572
109;36;0.6893803745
109;85;0.8384043782
109;103;0.8323304574
109;63;0.6935160836
109;25;0.8384043782
109;48;0.6768174121
109;110;0.7310251538
109;17;0.8384043782
109;20;0.8384043782
109;95;0.5958674791
109;104;0.928853917
109;77;0.6647784238
109;40;0.928853917
109;79;0.5845842619
109;26;0.8384043782
109;21;0.7859038341
109;74;0.8042094953
109;47;0.7455571825
109;61;0.574328885
109;75;0.810283416
109;68;0.8384043782
109;23;0.836461872
109;111;0.928853917
109;43;0.8384043782
109;28;0.6551076437
109;56;0.6858539141
109;29;0.928853917
109;57;0.5944377147
109;90;0.928853917
109;71;0.8384043782
109;92;0.7308048448
109;108;0.7172789679
109;41;0.6954542953
109;24;0.810283416
109;52;0.5958674791
109;60;0.7798299134
109;13;0.8120865845
109;106;0.5628453566
109;54;0.8384043782
109;101;0.7000709763
109;99;0.7859038341
109;58;0.6893803745
109;65;0.7267766004
109;66;0.7388175619
109;73;0.8120865845
109;30;0.8384043782
109;78;0.8384043782
109;81;0.6954542953
109;55;0.6504909627
109;62;0.7839613279
109;12;0.8384043782
105;50;0.75551858
105;83;0.4848812333
105;32;0.3702265469
105;96;0.75551858
105;44;0.6266628242
105;42;0.7712335005
105;18;0.6430910894
105;100;0.6650690412
105;102;0.7554826067
105;34;0.5221189583
105;59;0.6164800154
105;91;0.6125684972
105;53;0.6650690412
105;33;0.6650690412
105;45;0.6650690412
105;84;0.75551858
105;72;0.6650690412
105;22;0.4841802509
105;31;0.6430910894
105;80;0.5221189583
105;94;0.3695684943
105;69;0.8836609911
105;15;0.6650690412
105;37;0.75551858
105;39;0.6650690412
105;97;0.6650690412
105;49;0.4885602074
105;87;0.4478772245
105;89;0.6534882421
105;46;0.3554257623
105;107;0.75551858
105;93;0.7712335005
105;64;0.6369480791
105;51;0.6369480791
105;67;0.4264012968
105;35;0.4817723068
105;98;0.4804746909
105;82;0.7814080501
105;38;0.5221189583
105;27;0.6650690412
105;86;0.6502613694
105;16;0.3716062656
105;70;0.7478492992
105;36;0.5221189583
105;85;0.6650690412
105;103;0.7932114523
105;63;0.6221404073
105;25;0.6650690412
105;48;0.5034820751
105;110;0.6643671266
105;17;0.6650690412
105;20;0.7814080501
105;95;0.4225321421
105;104;0.8836609911
105;77;0.585397836
105;40;0.7594300983
105;79;0.411248925
105;26;0.7814080501
105;21;0.7407109082
105;74;0.6369480791
105;47;0.5722218456
105;61;0.4009935481
105;75;0.6369480791
105;68;0.6650690412
105;23;0.7912689461
105;111;0.6430910894
105;43;0.7932114523
105;28;0.4817723068
105;56;0.5125185772
105;29;0.6430910894
105;57;0.4949482972
105;90;0.8836609911
105;71;0.6650690412
105;92;0.5493897256
105;108;0.5439436309
105;41;0.5221189583
105;24;0.6369480791
105;52;0.4225321421
105;60;0.6164800154
105;13;0.6125684972
105;106;0.3895100196
105;54;0.7932114523
105;101;0.4817723068
105;99;0.5001410065
105;58;0.5221189583
105;65;0.4148310224
105;66;0.565482225
105;73;0.6164800154
105;30;0.6650690412
105;78;0.7932114523
105;81;0.5221189583
105;55;0.4771556258
105;62;0.4981985003
105;12;0.6650690412
50;83;0.4823738736
50;32;0.6314451558
50;96;1
50;44;0.9181824108
50;42;0.5816851052
50;18;0.5816851052
50;100;0.9565886278
50;102;0.6673952294
50;34;0.6477540097
50;59;0.4387350224
50;91;0.551162513
50;53;0.7907040926
50;33;0.7907040926
50;45;0.7907040926
50;84;0.6941125958
50;72;0.7907040926
50;22;0.4227742667
50;31;0.5816851052
50;80;0.6477540097
50;94;0.4952035456
50;69;0.6941125958
50;15;0.7907040926
50;37;0.8341154648
50;39;0.7907040926
50;97;0.7907040926
50;49;0.2990118122
50;87;0.3864712403
50;89;0.6509808824
50;46;0.5328119214
50;107;0.8341154648
50;93;0.5816851052
50;64;0.648449703
50;51;0.8143342382
50;67;0.3649953127
50;35;0.6074073581
50;98;0.3638339037
50;82;0.7907040926
50;38;0.6477540097
50;27;0.7907040926
50;86;0.6477540097
50;16;0.3102002814
50;70;0.441961895
50;36;0.6477540097
50;85;0.7907040926
50;103;0.7907040926
50;63;0.5054996201
50;25;0.7907040926
50;48;0.9334160397
50;110;0.6833248682
50;17;0.7907040926
50;20;0.7907040926
50;95;0.7140517287
50;104;0.6941125958
50;77;0.4300371027
50;40;0.5816851052
50;79;0.6281955593
50;26;0.7907040926
50;21;0.7170470482
50;74;0.648449703
50;47;0.5108158614
50;61;0.5266285994
50;75;0.648449703
50;68;0.7907040926
50;23;0.7887615864
50;111;0.5816851052
50;43;0.7907040926
50;28;0.6074073581
50;56;0.8040381638
50;29;0.5816851052
50;57;0.5266285994
50;90;0.6941125958
50;71;0.7907040926
50;92;0.6636218317
50;108;0.6695786823
50;41;0.6477540097
50;24;0.648449703
50;52;0.5481671935
50;60;0.4387350224
50;13;0.551162513
50;106;0.515145071
50;54;0.7907040926
50;101;0.6074073581
50;99;0.4387350224
50;58;0.6477540097
50;65;0.3534250382
50;66;0.6911172763
50;73;0.4387350224
50;30;0.7907040926
50;78;0.7907040926
50;81;0.6477540097
50;55;0.6027906771
50;62;0.4367925162
50;12;0.7907040926
83;32;0.5478588661
83;96;0.9904623437
83;44;0.8042951434
83;42;0.7475696405
83;18;0.8780348531
83;100;0.9904623437
83;102;0.7318187466
83;34;0.9904623437
83;59;0.8780348531
83;91;0.9904623437
83;53;0.9904623437
83;33;0.9904623437
83;45;0.9904623437
83;84;0.9904623437
83;72;0.9904623437
83;22;0.7191240146
83;31;0.8780348531
83;80;0.9904623437
83;94;0.8379118796
83;69;0.8599971311
83;15;0.9904623437
83;37;0.9904623437
83;39;0.9904623437
83;97;0.9904623437
83;49;0.8875725094
83;87;0.825771071
83;89;1
83;46;0.6677916397
83;107;0.9904623437
83;93;0.7475696405
83;64;0.8063638737
83;51;0.8063638737
83;67;0.8042951434
83;35;0.9501156921
83;98;0.8139590238
83;82;0.9904623437
83;38;0.9904623437
83;27;0.9904623437
83;86;0.8599971311
83;16;0.7495001121
83;70;0.8875725094
83;36;0.9904623437
83;85;0.9904623437
83;103;0.8599971311
83;63;0.675898661
83;25;0.9904623437
83;48;0.8288753776
83;110;0.8830831193
83;17;0.9904623437
83;20;0.9904623437
83;95;0.8908755275
83;104;0.8599971311
83;77;0.8693369334
83;40;0.8780348531
83;79;0.6793482719
83;26;0.9904623437
83;21;0.8599971311
83;74;0.8063638737
83;47;0.9501156921
83;61;0.8693369334
83;75;0.8063638737
83;68;0.9904623437
83;23;0.9980574938
83;111;0.8780348531
83;43;0.8599971311
83;28;0.9501156921
83;56;0.8379118796
83;29;0.8780348531
83;57;0.8693369334
83;90;0.8599971311
83;71;0.9904623437
83;92;0.9663058351
83;108;0.8693369334
83;41;0.9904623437
83;24;0.8063638737
83;52;0.8908755275
83;60;0.8780348531
83;13;0.9904623437
83;106;0.857853405
83;54;0.8599971311
83;101;0.9501156921
83;99;0.8780348531
83;58;0.9904623437
83;65;0.7927248689
83;66;0.8908755275
83;73;0.8780348531
83;30;0.9904623437
83;78;0.8599971311
83;81;0.9904623437
83;55;0.9454990111
83;62;0.8760923469
83;12;0.9904623437
32;96;0.7363498517
32;44;0.8143342382
32;42;0.6239223611
32;18;0.6239223611
32;100;0.7363498517
32;102;0.5933425335
32;34;0.7363498517
32;59;0.6681508416
32;91;0.7363498517
32;53;0.7363498517
32;33;0.7363498517
32;45;0.7363498517
32;84;0.7363498517
32;72;0.7363498517
32;22;0.4650115226
32;31;0.6239223611
32;80;0.7363498517
32;94;0.5837993877
32;69;0.7363498517
32;15;0.7363498517
32;37;0.7363498517
32;39;0.7363498517
32;97;0.7363498517
32;49;0.4841991509
32;87;0.5716585791
32;89;0.5966266416
32;46;0.4579076283
32;107;0.7363498517
32;93;0.6239223611
32;64;0.5522513817
32;51;0.5522513817
32;67;0.5501826514
32;35;0.6960032002
32;98;0.4105856653
32;82;0.7363498517
32;38;0.7363498517
32;27;0.7363498517
32;86;0.7363498517
32;16;0.4953876201
32;70;0.4841991509
32;36;0.7363498517
32;85;0.7363498517
32;103;0.7363498517
32;63;0.5522513817
32;25;0.7363498517
32;48;0.6221477415
32;110;0.6289706274
32;17;0.7805783323
32;20;0.7363498517
32;95;0.7805783323
32;104;0.7363498517
32;77;0.6152244415
32;40;0.6239223611
32;79;0.6263137216
32;26;0.7363498517
32;21;0.7363498517
32;74;0.5522513817
32;47;0.6960032002
32;61;0.6152244415
32;75;0.5522513817
32;68;0.7363498517
32;23;0.7344073455
32;111;0.6239223611
32;43;0.7363498517
32;28;0.6960032002
32;56;0.5837993877
32;29;0.6239223611
32;57;0.6152244415
32;90;0.7363498517
32;71;0.7363498517
32;92;0.7121933431
32;108;0.6152244415
32;41;0.7363498517
32;24;0.5522513817
32;52;0.7363498517
32;60;0.6239223611
32;13;0.7363498517
32;106;0.8360194118
32;54;0.7363498517
32;101;0.6960032002
32;99;0.6239223611
32;58;0.7363498517
32;65;0.5648674875
32;66;0.7363498517
32;73;0.8095881229
32;30;0.7363498517
32;78;0.7363498517
32;81;0.7363498517
32;55;0.6734131492
32;62;0.6219798549
32;12;0.7363498517
96;44;0.9181824108
96;42;0.5816851052
96;18;0.5816851052
96;100;0.9565886278
96;102;0.6673952294
96;34;0.6477540097
96;59;0.4387350224
96;91;0.551162513
96;53;0.7907040926
96;33;0.7907040926
96;45;0.7907040926
96;84;0.6941125958
96;72;0.7907040926
96;22;0.4227742667
96;31;0.5816851052
96;80;0.6477540097
96;94;0.4952035456
96;69;0.6941125958
96;15;0.7907040926
96;37;0.8341154648
96;39;0.7907040926
96;97;0.7907040926
96;49;0.2990118122
96;87;0.3864712403
96;89;0.6509808824
96;46;0.5328119214
96;107;0.8341154648
96;93;0.5816851052
96;64;0.648449703
96;51;0.8143342382
96;67;0.3649953127
96;35;0.6074073581
96;98;0.3638339037
96;82;0.7907040926
96;38;0.6477540097
96;27;0.7907040926
96;86;0.6477540097
96;16;0.3102002814
96;70;0.441961895
96;36;0.6477540097
96;85;0.7907040926
96;103;0.7907040926
96;63;0.5054996201
96;25;0.7907040926
96;48;0.9334160397
96;110;0.6833248682
96;17;0.7907040926
96;20;0.7907040926
96;95;0.7140517287
96;104;0.6941125958
96;77;0.4300371027
96;40;0.5816851052
96;79;0.6281955593
96;26;0.7907040926
96;21;0.7170470482
96;74;0.648449703
96;47;0.5108158614
96;61;0.5266285994
96;75;0.648449703
96;68;0.7907040926
96;23;0.7887615864
96;111;0.5816851052
96;43;0.7907040926
96;28;0.6074073581
96;56;0.8040381638
96;29;0.5816851052
96;57;0.5266285994
96;90;0.6941125958
96;71;0.7907040926
96;92;0.6636218317
96;108;0.6695786823
96;41;0.6477540097
96;24;0.648449703
96;52;0.5481671935
96;60;0.4387350224
96;13;0.551162513
96;106;0.515145071
96;54;0.7907040926
96;101;0.6074073581
96;99;0.4387350224
96;58;0.6477540097
96;65;0.3534250382
96;66;0.6911172763
96;73;0.4387350224
96;30;0.7907040926
96;78;0.7907040926
96;81;0.6477540097
96;55;0.6027906771
96;62;0.4367925162
96;12;0.7907040926
44;42;0.1728396503
44;18;0.1466568998
44;100;0.4249689257
44;102;0.232367024
44;34;0.5825011654
44;59;0.2826312838
44;91;0.2590843904
44;53;0.2590843904
44;33;0.4043626915
44;45;0.2590843904
44;84;0.4043626915
44;72;0.2590843904
44;22;-9.9165120559519E-012
44;31;0.1466568998
44;80;0.2590843904
44;94;0.1327166768
44;69;0.2590843904
44;15;0.2590843904
44;37;0.2590843904
44;39;0.4043626915
44;97;0.2590843904
44;49;0.0069336896
44;87;0.0943931178
44;89;0.1577978694
44;46;0.3062278033
44;107;0.2590843904
44;93;0.1466568998
44;64;0.1134226095
44;51;0.2408704557
44;67;0.2181954912
44;35;0.3640160399
44;98;0.1114586779
44;82;0.2590843904
44;38;0.2590843904
44;27;0.2590843904
44;86;0.2590843904
44;16;0.0181221588
44;70;0.0331164401
44;36;0.2590843904
44;85;0.2590843904
44;103;0.2590843904
44;63;0.1011686708
44;25;0.2590843904
44;48;0.4017963375
44;110;0.1517051661
44;17;0.3688760239
44;20;0.4043626915
44;95;0.5170577524
44;104;0.4043626915
44;77;0.1379589802
44;40;0.1466568998
44;79;0.2520569311
44;26;0.2590843904
44;21;0.4249689257
44;74;0.0749859204
44;47;0.2187377389
44;61;0.1379589802
44;75;0.2202642214
44;68;0.4043626915
44;23;0.2571418842
44;111;0.1466568998
44;43;0.2590843904
44;28;0.5421545138
44;56;0.2724184616
44;29;0.2919352009
44;57;0.1641417306
44;90;0.2590843904
44;71;0.2590843904
44;92;0.2349278818
44;108;0.2832372812
44;41;0.2713383291
44;24;0.0749859204
44;52;0.1594975742
44;60;0.2919352009
44;13;0.2852671409
44;106;0.2717537527
44;54;0.2590843904
44;101;0.2187377389
44;99;0.1466568998
44;58;0.2590843904
44;65;0.1973212996
44;66;0.1594975742
44;73;0.1728396503
44;30;0.2590843904
44;78;0.2590843904
44;81;0.2590843904
44;55;0.2141210578
44;62;0.1447143936
44;12;0.2590843904
42;18;0.8456748385
42;100;0.7552252997
42;102;0.8456388651
42;34;0.6122752168
42;59;0.728907506
42;91;0.7027247556
42;53;0.7552252997
42;33;0.7552252997
42;45;0.7552252997
42;84;0.8456748385
42;72;0.7552252997
42;22;0.686764
42;31;0.8456748385
42;80;0.6122752168
42;94;0.4859075032
42;69;0.9738172496
42;15;0.7552252997
42;37;0.8456748385
42;39;0.7552252997
42;97;0.7552252997
42;49;0.6911439565
42;87;0.6504609735
42;89;0.769827251
42;46;0.4455820207
42;107;0.8456748385
42;93;0.9738172496
42;64;0.753287088
42;51;0.7271043375
42;67;0.5165575553
42;35;0.5719285652
42;98;0.5706309494
42;82;0.7552252997
42;38;0.6122752168
42;27;0.7552252997
42;86;0.7404176279
42;16;0.5741900146
42;70;0.8602767898
42;36;0.6122752168
42;85;0.7552252997
42;103;0.8833677107
42;63;0.7384794162
42;25;0.7552252997
42;48;0.5936383336
42;110;0.6478460753
42;17;0.7552252997
42;20;0.7552252997
42;95;0.5126884006
42;104;0.9738172496
42;77;0.5815993453
42;40;0.8456748385
42;79;0.5014051834
42;26;0.7552252997
42;21;0.8308671667
42;74;0.7271043375
42;47;0.662378104
42;61;0.4911498065
42;75;0.7271043375
42;68;0.7552252997
42;23;0.8814252046
42;111;0.8456748385
42;43;0.8833677107
42;28;0.5719285652
42;56;0.6026748356
42;29;0.8456748385
42;57;0.517332557
42;90;0.9738172496
42;71;0.7552252997
42;92;0.6476257663
42;108;0.6340998894
42;41;0.6122752168
42;24;0.7271043375
42;52;0.5126884006
42;60;0.7027247556
42;13;0.728907506
42;106;0.479666278
42;54;0.8833677107
42;101;0.5719285652
42;99;0.7027247556
42;58;0.6122752168
42;65;0.6435975219
42;66;0.6556384834
42;73;0.728907506
42;30;0.7552252997
42;78;0.8833677107
42;81;0.6122752168
42;55;0.5673118842
42;62;0.7007822494
42;12;0.7552252997
18;100;0.7233832609
18;102;0.6856544152
18;34;0.580433178
18;59;0.6708827168
18;91;0.6708827168
18;53;0.7233832609
18;33;0.7233832609
18;45;0.7233832609
18;84;0.8138327997
18;72;0.7233832609
18;22;0.6549219612
18;31;0.8138327997
18;80;0.580433178
18;94;0.427882714
18;69;1
18;15;0.7233832609
18;37;0.8138327997
18;39;0.7233832609
18;97;0.7233832609
18;49;0.5311595066
18;87;0.6186189348
18;89;0.769827251
18;46;0.4137399819
18;107;0.8138327997
18;93;0.8138327997
18;64;0.6952622988
18;51;0.6952622988
18;67;0.4847155165
18;35;0.7262537268
18;98;0.4106464995
18;82;0.7233832609
18;38;0.580433178
18;27;0.7233832609
18;86;0.580433178
18;16;0.5423479758
18;70;0.6741095895
18;36;0.7666003783
18;85;0.7233832609
18;103;0.9095504612
18;63;0.5523122159
18;25;0.7233832609
18;48;0.5617962948
18;110;0.6160040365
18;17;0.7233832609
18;20;0.7233832609
18;95;0.4808463618
18;104;0.8138327997
18;77;0.5497573066
18;40;0.8138327997
18;79;0.4695631447
18;26;0.7233832609
18;21;0.6708827168
18;74;0.8814294991
18;47;0.6305360653
18;61;0.4593077678
18;75;0.6952622988
18;68;0.7233832609
18;23;0.7214407547
18;111;0.8138327997
18;43;0.7233832609
18;28;0.5400865265
18;56;0.5708327968
18;29;0.8138327997
18;57;0.6454749681
18;90;0.8138327997
18;71;0.7233832609
18;92;0.6157837276
18;108;0.6022578506
18;41;0.580433178
18;24;0.6952622988
18;52;0.4808463618
18;60;0.8570499171
18;13;0.6708827168
18;106;0.4478242393
18;54;0.7233832609
18;101;0.7262537268
18;99;0.6708827168
18;58;0.7666003783
18;65;0.5855727327
18;66;0.6237964447
18;73;0.6708827168
18;30;0.7233832609
18;78;0.7233832609
18;81;0.580433178
18;55;0.5354698454
18;62;0.6689402106
18;12;0.7233832609
100;102;0.8073980983
100;34;0.6911653819
100;59;0.5787378913
100;91;0.6911653819
100;53;0.8341154648
100;33;0.8341154648
100;45;0.8341154648
100;84;0.8341154648
100;72;0.8341154648
100;22;0.5627771356
100;31;0.7216879741
100;80;0.6911653819
100;94;0.5386149178
100;69;0.8341154648
100;15;0.8341154648
100;37;0.8341154648
100;39;0.8341154648
100;97;0.8341154648
100;49;0.4390146811
100;87;0.5264741092
100;89;0.6943922546
100;46;0.5343792132
100;107;0.8341154648
100;93;0.7216879741
100;64;0.6500169947
100;51;0.81590153
100;67;0.5049981816
100;35;0.6508187303
100;98;0.3654011955
100;82;0.8341154648
100;38;0.6911653819
100;27;0.8341154648
100;86;0.6911653819
100;16;0.4502031503
100;70;0.581964764
100;36;0.6911653819
100;85;0.8341154648
100;103;0.8341154648
100;63;0.5070669119
100;25;0.8341154648
100;48;0.9768274119
100;110;0.7267362404
100;17;0.8341154648
100;20;0.8341154648
100;95;0.7574631009
100;104;0.8341154648
100;77;0.5700399716
100;40;0.7216879741
100;79;0.6585849506
100;26;0.8341154648
100;21;0.8570499171
100;74;0.6500169947
100;47;0.6508187303
100;61;0.5700399716
100;75;0.6500169947
100;68;0.8341154648
100;23;0.8321729586
100;111;0.7216879741
100;43;0.8341154648
100;28;0.6508187303
100;56;0.8474495359
100;29;0.7216879741
100;57;0.5700399716
100;90;0.8341154648
100;71;0.8341154648
100;92;0.8099589561
100;108;0.7129900545
100;41;0.6911653819
100;24;0.6500169947
100;52;0.5915785657
100;60;0.5787378913
100;13;0.6911653819
100;106;0.5585564431
100;54;0.8341154648
100;101;0.6508187303
100;99;0.5787378913
100;58;0.6911653819
100;65;0.4934279071
100;66;0.7345286485
100;73;0.5787378913
100;30;0.8341154648
100;78;0.8341154648
100;81;0.6911653819
100;55;0.6462020493
100;62;0.5767953851
100;12;0.8341154648
102;34;0.6384579672
102;59;0.6164800154
102;91;0.728907506
102;53;0.7814080501
102;33;0.7814080501
102;45;0.7814080501
102;84;0.8718575889
102;72;0.7814080501
102;22;0.6005192598
102;31;0.7594300983
102;80;0.6384579672
102;94;0.4859075032
102;69;1
102;15;0.7814080501
102;37;0.8718575889
102;39;0.7814080501
102;97;0.7814080501
102;49;0.6048992163
102;87;0.5642162334
102;89;0.769827251
102;46;0.4717647712
102;107;0.8718575889
102;93;0.8875725094
102;64;0.753287088
102;51;0.753287088
102;67;0.5427403057
102;35;0.5981113157
102;98;0.5968136998
102;82;0.7814080501
102;38;0.6384579672
102;27;0.7814080501
102;86;0.7666003783
102;16;0.4879452744
102;70;0.7478492992
102;36;0.6384579672
102;85;0.7814080501
102;103;0.9095504612
102;63;0.7384794162
102;25;0.7814080501
102;48;0.7476521441
102;110;0.6740288257
102;17;0.7814080501
102;20;0.7814080501
102;95;0.538871151
102;104;1
102;77;0.6077820958
102;40;0.7594300983
102;79;0.6844373949
102;26;0.7814080501
102;21;0.8570499171
102;74;0.753287088
102;47;0.6885608545
102;61;0.517332557
102;75;0.753287088
102;68;0.7814080501
102;23;0.907607955
102;111;0.7594300983
102;43;0.9095504612
102;28;0.5981113157
102;56;0.628857586
102;29;0.7594300983
102;57;0.517332557
102;90;1
102;71;0.7814080501
102;92;0.6657287344
102;108;0.6602826398
102;41;0.6384579672
102;24;0.753287088
102;52;0.538871151
102;60;0.6164800154
102;13;0.728907506
102;106;0.5058490285
102;54;0.9095504612
102;101;0.5981113157
102;99;0.6164800154
102;58;0.6384579672
102;65;0.5311700313
102;66;0.6818212339
102;73;0.6164800154
102;30;0.7814080501
102;78;0.9095504612
102;81;0.6384579672
102;55;0.5934946346
102;62;0.6145375092
102;12;0.7814080501
34;59;0.5641557344
34;91;0.6765832251
34;53;0.6765832251
34;33;0.8218615261
34;45;0.6765832251
34;84;0.8218615261
34;72;0.6765832251
34;22;0.4174988346
34;31;0.5641557344
34;80;0.6765832251
34;94;0.524032761
34;69;0.6765832251
34;15;0.6765832251
34;37;0.6765832251
34;39;0.8218615261
34;97;0.6765832251
34;49;0.4244325243
34;87;0.5118919524
34;89;0.5491139535
34;46;0.3661664597
34;107;0.6765832251
34;93;0.5641557344
34;64;0.5047386937
34;51;0.492484755
34;67;0.6356943258
34;35;0.7815148745
34;98;0.5289575126
34;82;0.6765832251
34;38;0.6765832251
34;27;0.6765832251
34;86;0.6765832251
34;16;0.4356209935
34;70;0.4244325243
34;36;0.6765832251
34;85;0.6765832251
34;103;0.6765832251
34;63;0.492484755
34;25;0.6765832251
34;48;0.514996259
34;110;0.5692040007
34;17;0.6765832251
34;20;0.8218615261
34;95;0.5769964088
34;104;0.8218615261
34;77;0.5554578148
34;40;0.5641557344
34;79;0.3654691533
34;26;0.6765832251
34;21;0.6765832251
34;74;0.492484755
34;47;0.6362365735
34;61;0.5554578148
34;75;0.637763056
34;68;0.8218615261
34;23;0.6746407189
34;111;0.5641557344
34;43;0.6765832251
34;28;0.9596533484
34;56;0.524032761
34;29;0.7094340355
34;57;0.5554578148
34;90;0.6765832251
34;71;0.6765832251
34;92;0.6524267164
34;108;0.7007361158
34;41;0.6888371637
34;24;0.492484755
34;52;0.5769964088
34;60;0.7094340355
34;13;0.6765832251
34;106;0.6892525873
34;54;0.6765832251
34;101;0.6362365735
34;99;0.5641557344
34;58;0.6765832251
34;65;0.4788457503
34;66;0.5769964088
34;73;0.5641557344
34;30;0.6765832251
34;78;0.6765832251
34;81;0.6765832251
34;55;0.6316198925
34;62;0.5622132282
34;12;0.6765832251
59;91;0.7876257081
59;53;0.6971761693
59;33;0.6971761693
59;45;0.6971761693
59;84;0.7876257081
59;72;0.6971761693
59;22;0.6287148696
59;31;0.7876257081
59;80;0.6971761693
59;94;0.4859142839
59;69;0.7876257081
59;15;0.6971761693
59;37;0.7876257081
59;39;0.6971761693
59;97;0.6971761693
59;49;0.6479024979
59;87;0.735361926
59;89;0.5806255472
59;46;0.6033456681
59;107;0.7876257081
59;93;0.7876257081
59;64;0.6922277953
59;51;0.6690552071
59;67;0.6014585078
59;35;0.6568295177
59;98;0.5273894908
59;82;0.8135151782
59;38;0.6971761693
59;27;0.6971761693
59;86;0.6971761693
59;16;0.6590909671
59;70;0.7055300855
59;36;0.6971761693
59;85;0.6971761693
59;103;0.6971761693
59;63;0.6103437858
59;25;0.6971761693
59;48;0.5355892032
59;110;0.5897969449
59;17;0.7700388642
59;20;0.8135151782
59;95;0.6704520479
59;104;0.7876257081
59;77;0.7604550469
59;40;0.903964717
59;79;0.4900359975
59;26;0.8135151782
59;21;0.7876257081
59;74;0.6690552071
59;47;0.7472790565
59;61;0.576050759
59;75;0.6690552071
59;68;0.6971761693
59;23;0.6952336631
59;111;0.7876257081
59;43;0.6971761693
59;28;0.6568295177
59;56;0.5446257052
59;29;0.7876257081
59;57;0.6112940868
59;90;0.7876257081
59;71;0.6971761693
59;92;0.589576636
59;108;0.576050759
59;41;0.6971761693
59;24;0.6690552071
59;52;0.5975893531
59;60;0.903964717
59;13;0.7289142868
59;106;0.5645672305
59;54;0.6971761693
59;101;0.6568295177
59;99;0.7876257081
59;58;0.6971761693
59;65;0.7164669975
59;66;0.5975893531
59;73;0.8452532956
59;30;0.6971761693
59;78;0.6971761693
59;81;0.6971761693
59;55;0.6522128367
59;62;0.7856832019
59;12;0.6971761693
91;53;0.9095504612
91;33;0.9095504612
91;45;0.9095504612
91;84;1
91;72;0.9095504612
91;22;0.7286616709
91;31;0.8875725094
91;80;0.9095504612
91;94;0.7569999971
91;69;1
91;15;0.9095504612
91;37;1
91;39;0.9095504612
91;97;0.9095504612
91;49;0.7478492992
91;87;0.8353087273
91;89;0.769827251
91;46;0.7428572651
91;107;1
91;93;0.8875725094
91;64;0.8814294991
91;51;0.8814294991
91;67;0.8138327997
91;35;0.8692038096
91;98;0.7397637827
91;82;0.9095504612
91;38;0.9095504612
91;27;0.9095504612
91;86;0.9095504612
91;16;0.7590377684
91;70;0.7478492992
91;36;0.9095504612
91;85;0.9095504612
91;103;0.9095504612
91;63;0.8814294991
91;25;0.9095504612
91;48;0.7479634951
91;110;0.8021712368
91;17;0.9095504612
91;20;0.9095504612
91;95;0.809963645
91;104;1
91;77;0.8788745897
91;40;0.8875725094
91;79;0.655730345
91;26;0.9095504612
91;21;1
91;74;0.8814294991
91;47;0.9596533484
91;61;0.7884250509
91;75;0.8814294991
91;68;0.9095504612
91;23;0.907607955
91;111;0.8875725094
91;43;0.9095504612
91;28;0.8692038096
91;56;0.7569999971
91;29;0.8875725094
91;57;0.7884250509
91;90;1
91;71;0.9095504612
91;92;0.7938711455
91;108;0.7884250509
91;41;0.9095504612
91;24;0.8814294991
91;52;0.809963645
91;60;0.8875725094
91;13;1
91;106;0.7769415225
91;54;0.9095504612
91;101;0.8692038096
91;99;0.8875725094
91;58;0.9095504612
91;65;0.8022625252
91;66;0.809963645
91;73;0.8875725094
91;30;0.9095504612
91;78;0.9095504612
91;81;0.9095504612
91;55;0.8645871286
91;62;0.8856300032
91;12;0.9095504612
53;33;1
53;45;1
53;84;1
53;72;1
53;22;0.7286616709
53;31;0.8875725094
53;80;0.8570499171
53;94;0.7044994531
53;69;1
53;15;1
53;37;1
53;39;1
53;97;1
53;49;0.6048992163
53;87;0.6923586445
53;89;0.8602767898
53;46;0.5343792132
53;107;1
53;93;0.8875725094
53;64;0.81590153
53;51;0.81590153
53;67;0.6708827168
53;35;0.8167032656
53;98;0.5312857307
53;82;1
53;38;0.8570499171
53;27;1
53;86;0.8570499171
53;16;0.6160876855
53;70;0.7478492992
53;36;0.8570499171
53;85;1
53;103;1
53;63;0.6729514471
53;25;1
53;48;0.8384130339
53;110;0.8926207756
53;17;1
53;20;1
53;95;0.7574631009
53;104;1
53;77;0.7359245069
53;40;0.8875725094
53;79;0.6888859282
53;26;1
53;21;0.8570499171
53;74;0.81590153
53;47;0.8167032656
53;61;0.7359245069
53;75;0.81590153
53;68;1
53;23;0.9980574938
53;111;0.8875725094
53;43;1
53;28;0.8167032656
53;56;0.8474495359
53;29;0.8875725094
53;57;0.7359245069
53;90;1
53;71;1
53;92;0.9758434914
53;108;0.8788745897
53;41;0.8570499171
53;24;0.81590153
53;52;0.7574631009
53;60;0.7446224265
53;13;0.8570499171
53;106;0.7244409784
53;54;1
53;101;0.8167032656
53;99;0.7446224265
53;58;0.8570499171
53;65;0.6593124424
53;66;0.9004131838
53;73;0.7446224265
53;30;1
53;78;1
53;81;0.8570499171
53;55;0.8120865845
53;62;0.7426799203
53;12;1
33;45;0.854721699
33;84;1
33;72;0.854721699
33;22;0.5833833699
33;31;0.7422942084
33;80;0.7117716161
33;94;0.5592211521
33;69;0.854721699
33;15;0.854721699
33;37;0.854721699
33;39;1
33;97;0.854721699
33;49;0.4596209153
33;87;0.5470803434
33;89;0.7149984888
33;46;0.3891009121
33;107;0.854721699
33;93;0.7422942084
33;64;0.6706232289
33;51;0.6706232289
33;67;0.6708827168
33;35;0.8167032656
33;98;0.3860074297
33;82;0.854721699
33;38;0.7117716161
33;27;0.854721699
33;86;0.7117716161
33;16;0.4708093845
33;70;0.6025709982
33;36;0.7117716161
33;85;0.854721699
33;103;0.854721699
33;63;0.5276731461
33;25;0.854721699
33;48;0.6931347329
33;110;0.7473424746
33;17;0.854721699
33;20;1
33;95;0.6121847999
33;104;1
33;77;0.5906462058
33;40;0.7422942084
33;79;0.5436076272
33;26;0.854721699
33;21;0.7117716161
33;74;0.6706232289
33;47;0.6714249645
33;61;0.5906462058
33;75;0.81590153
33;68;1
33;23;0.8527791928
33;111;0.7422942084
33;43;0.854721699
33;28;0.8167032656
33;56;0.7021712349
33;29;0.8875725094
33;57;0.5906462058
33;90;0.854721699
33;71;0.854721699
33;92;0.8305651903
33;108;0.8788745897
33;41;0.7117716161
33;24;0.6706232289
33;52;0.6121847999
33;60;0.7446224265
33;13;0.7117716161
33;106;0.7244409784
33;54;0.854721699
33;101;0.6714249645
33;99;0.5993441255
33;58;0.7117716161
33;65;0.5140341413
33;66;0.7551348827
33;73;0.5993441255
33;30;0.854721699
33;78;0.854721699
33;81;0.7117716161
33;55;0.6668082835
33;62;0.5974016193
33;12;0.854721699
45;84;0.9882920247
45;72;0.9882920247
45;22;0.7169536956
45;31;0.8758645341
45;80;0.8453419419
45;94;0.6927914778
45;69;0.9882920247
45;15;0.9882920247
45;37;0.9882920247
45;39;0.9882920247
45;97;0.9882920247
45;49;0.5931912411
45;87;0.6806506692
45;89;0.8485688146
45;46;0.5226712379
45;107;0.9882920247
45;93;0.8758645341
45;64;0.8041935547
45;51;0.8041935547
45;67;0.6591747416
45;35;0.8049952903
45;98;0.5195777555
45;82;0.9882920247
45;38;0.8453419419
45;27;0.9882920247
45;86;0.8453419419
45;16;0.6043797103
45;70;0.7361413239
45;36;0.8453419419
45;85;0.9882920247
45;103;0.9882920247
45;63;0.6612434718
45;25;1
45;48;0.8267050587
45;110;0.8809128004
45;17;0.9882920247
45;20;0.9882920247
45;95;0.7457551256
45;104;0.9882920247
45;77;0.7242165316
45;40;0.8758645341
45;79;0.677177953
45;26;0.9882920247
45;21;0.8453419419
45;74;0.8041935547
45;47;0.8049952903
45;61;0.7242165316
45;75;0.8041935547
45;68;0.9882920247
45;23;0.9863495185
45;111;0.8758645341
45;43;0.9882920247
45;28;0.8049952903
45;56;0.8357415607
45;29;0.8758645341
45;57;0.7242165316
45;90;0.9882920247
45;71;0.9882920247
45;92;0.9641355161
45;108;0.8671666145
45;41;0.8453419419
45;24;0.8041935547
45;52;0.7457551256
45;60;0.7329144513
45;13;0.8453419419
45;106;0.7127330031
45;54;0.9882920247
45;101;0.8049952903
45;99;0.7329144513
45;58;0.8453419419
45;65;0.6476044671
45;66;0.8887052085
45;73;0.7329144513
45;30;0.9882920247
45;78;0.9882920247
45;81;0.8453419419
45;55;0.8003786093
45;62;0.7309719451
45;12;0.9882920247
84;72;0.7642721602
84;22;0.5833833699
84;31;0.7422942084
84;80;0.6213220773
84;94;0.4687716132
84;69;0.854721699
84;15;0.7642721602
84;37;0.854721699
84;39;0.9095504612
84;97;0.7642721602
84;49;0.4596209153
84;87;0.5470803434
84;89;0.62454895
84;46;0.4546288812
84;107;0.854721699
84;93;0.7422942084
84;64;0.736151198
84;51;0.736151198
84;67;0.6708827168
84;35;0.7262537268
84;98;0.4515353988
84;82;0.7642721602
84;38;0.6213220773
84;27;0.7642721602
84;86;0.6213220773
84;16;0.4708093845
84;70;0.6025709982
84;36;0.6213220773
84;85;0.7642721602
84;103;0.7642721602
84;63;0.5932011152
84;25;0.7642721602
84;48;0.6026851941
84;110;0.6568929358
84;17;0.7642721602
84;20;0.9095504612
84;95;0.5217352611
84;104;1
84;77;0.5906462058
84;40;0.7422942084
84;79;0.5104520439
84;26;0.7642721602
84;21;0.7117716161
84;74;0.736151198
84;47;0.6714249645
84;61;0.500196667
84;75;0.8814294991
84;68;0.9095504612
84;23;0.762329654
84;111;0.7422942084
84;43;0.7642721602
84;28;0.7262537268
84;56;0.6117216961
84;29;0.8875725094
84;57;0.500196667
84;90;0.854721699
84;71;0.7642721602
84;92;0.6485928445
84;108;0.7884250509
84;41;0.6213220773
84;24;0.736151198
84;52;0.5217352611
84;60;0.7446224265
84;13;0.7117716161
84;106;0.6339914396
84;54;0.7642721602
84;101;0.5809754257
84;99;0.5993441255
84;58;0.6213220773
84;65;0.5140341413
84;66;0.6646853439
84;73;0.5993441255
84;30;0.7642721602
84;78;0.7642721602
84;81;0.6213220773
84;55;0.5763587447
84;62;0.5974016193
84;12;0.7642721602
72;22;0.7286616709
72;31;0.8875725094
72;80;0.8570499171
72;94;0.7044994531
72;69;1
72;15;1
72;37;1
72;39;1
72;97;1
72;49;0.6048992163
72;87;0.6923586445
72;89;0.8602767898
72;46;0.5343792132
72;107;1
72;93;0.8875725094
72;64;0.81590153
72;51;0.81590153
72;67;0.6708827168
72;35;0.8167032656
72;98;0.5312857307
72;82;1
72;38;0.8570499171
72;27;1
72;86;0.8570499171
72;16;0.6160876855
72;70;0.7478492992
72;36;0.8570499171
72;85;1
72;103;1
72;63;0.6729514471
72;25;1
72;48;0.8384130339
72;110;0.8926207756
72;17;1
72;20;1
72;95;0.7574631009
72;104;1
72;77;0.7359245069
72;40;0.8875725094
72;79;0.6888859282
72;26;1
72;21;0.8570499171
72;74;0.81590153
72;47;0.8167032656
72;61;0.7359245069
72;75;0.81590153
72;68;1
72;23;0.9980574938
72;111;0.8875725094
72;43;1
72;28;0.8167032656
72;56;0.8474495359
72;29;0.8875725094
72;57;0.7359245069
72;90;1
72;71;1
72;92;0.9758434914
72;108;0.8788745897
72;41;0.8570499171
72;24;0.81590153
72;52;0.7574631009
72;60;0.7446224265
72;13;0.8570499171
72;106;0.7244409784
72;54;1
72;101;0.8167032656
72;99;0.7446224265
72;58;0.8570499171
72;65;0.6593124424
72;66;0.9004131838
72;73;0.7446224265
72;30;1
72;78;1
72;81;0.8570499171
72;55;0.8120865845
72;62;0.7426799203
72;12;1
22;31;0.6952622988
22;80;0.4618626771
22;94;0.309312213
22;69;0.6952622988
22;15;0.6048127599
22;37;0.6952622988
22;39;0.6048127599
22;97;0.6048127599
22;49;0.4125890057
22;87;0.5000484338
22;89;0.6512567501
22;46;0.4813366813
22;107;0.6952622988
22;93;0.6952622988
22;64;0.7628589981
22;51;0.5766917978
22;67;0.3661450156
22;35;0.4215160255
22;98;0.4782431989
22;82;0.6048127599
22;38;0.4618626771
22;27;0.6048127599
22;86;0.4618626771
22;16;0.4237774749
22;70;0.5555390886
22;36;0.4618626771
22;85;0.6048127599
22;103;0.6048127599
22;63;0.4337417149
22;25;0.6048127599
22;48;0.4432257939
22;110;0.4974335356
22;17;0.6048127599
22;20;0.6048127599
22;95;0.3622758608
22;104;0.6952622988
22;77;0.4311868056
22;40;0.6952622988
22;79;0.3509926437
22;26;0.6048127599
22;21;0.5523122159
22;74;0.5766917978
22;47;0.5119655643
22;61;0.3407372668
22;75;0.5766917978
22;68;0.6048127599
22;23;0.6028702537
22;111;0.6952622988
22;43;0.6048127599
22;28;0.6076832258
22;56;0.4522622959
22;29;0.6952622988
22;57;0.3407372668
22;90;0.6952622988
22;71;0.6048127599
22;92;0.4972132266
22;108;0.4836873497
22;41;0.6480298774
22;24;0.5766917978
22;52;0.3622758608
22;60;0.5523122159
22;13;0.5523122159
22;106;0.3292537383
22;54;0.6048127599
22;101;0.4215160255
22;99;0.5523122159
22;58;0.4618626771
22;65;0.4670022317
22;66;0.5052259437
22;73;0.5523122159
22;30;0.6048127599
22;78;0.6048127599
22;81;0.4618626771
22;55;0.4168993445
22;62;0.5503697097
22;12;0.6048127599
31;80;0.7666003783
31;94;0.6140499143
31;69;1
31;15;0.9095504612
31;37;1
31;39;0.9095504612
31;97;0.9095504612
31;49;0.7173267069
31;87;0.8047861351
31;89;0.769827251
31;46;0.5999071822
31;107;1
31;93;1
31;64;0.8814294991
31;51;0.8814294991
31;67;0.6708827168
31;35;0.7262537268
31;98;0.5968136998
31;82;0.9095504612
31;38;0.7666003783
31;27;0.9095504612
31;86;0.7666003783
31;16;0.7285151761
31;70;0.8602767898
31;36;0.7666003783
31;85;0.9095504612
31;103;0.9095504612
31;63;0.7384794162
31;25;0.9095504612
31;48;0.7479634951
31;110;0.8021712368
31;17;0.9095504612
31;20;0.9095504612
31;95;0.6670135621
31;104;1
31;77;0.7359245069
31;40;1
31;79;0.655730345
31;26;0.9095504612
31;21;0.8570499171
31;74;0.8814294991
31;47;0.8167032656
31;61;0.6454749681
31;75;0.8814294991
31;68;0.9095504612
31;23;0.907607955
31;111;1
31;43;0.9095504612
31;28;0.7262537268
31;56;0.7569999971
31;29;1
31;57;0.6454749681
31;90;1
31;71;0.9095504612
31;92;0.8019509279
31;108;0.7884250509
31;41;0.7666003783
31;24;0.8814294991
31;52;0.6670135621
31;60;0.8570499171
31;13;0.8570499171
31;106;0.6339914396
31;54;0.9095504612
31;101;0.7262537268
31;99;0.8570499171
31;58;0.7666003783
31;65;0.771739933
31;66;0.809963645
31;73;0.8570499171
31;30;0.9095504612
31;78;0.9095504612
31;81;0.7666003783
31;55;0.7216370457
31;62;0.8551074109
31;12;0.9095504612
80;94;0.8474495359
80;69;1
80;15;1
80;37;1
80;39;1
80;97;1
80;49;0.7478492992
80;87;0.8353087273
80;89;0.8602767898
80;46;0.677329296
80;107;1
80;93;0.8875725094
80;64;0.81590153
80;51;0.81590153
80;67;0.8138327997
80;35;0.9596533484
80;98;0.6742358136
80;82;1
80;38;1
80;27;1
80;86;1
80;16;0.7590377684
80;70;0.7478492992
80;36;1
80;85;1
80;103;1
80;63;0.81590153
80;25;1
80;48;0.8384130339
80;110;0.8926207756
80;17;1
80;20;1
80;95;0.9004131838
80;104;1
80;77;0.8788745897
80;40;0.8875725094
80;79;0.6888859282
80;26;1
80;21;1
80;74;0.81590153
80;47;0.9596533484
80;61;0.8788745897
80;75;0.81590153
80;68;1
80;23;0.9980574938
80;111;0.8875725094
80;43;1
80;28;0.9596533484
80;56;0.8474495359
80;29;0.8875725094
80;57;0.8788745897
80;90;1
80;71;1
80;92;0.9758434914
80;108;0.8788745897
80;41;1
80;24;0.81590153
80;52;0.9004131838
80;60;0.8875725094
80;13;1
80;106;0.8673910613
80;54;1
80;101;0.9596533484
80;99;0.8875725094
80;58;1
80;65;0.8022625252
80;66;0.9004131838
80;73;0.8875725094
80;30;1
80;78;1
80;81;1
80;55;0.9550366674
80;62;0.8856300032
80;12;1
94;69;0.8560935996
94;15;0.8560935996
94;37;0.8560935996
94;39;0.8560935996
94;97;0.8560935996
94;49;0.6039428988
94;87;0.6914023269
94;89;0.7425531398
94;46;0.5334228956
94;107;0.8560935996
94;93;0.743666109
94;64;0.69817788
94;51;0.6719951296
94;67;0.6699263993
94;35;0.815746948
94;98;0.5303294132
94;82;0.8560935996
94;38;0.8560935996
94;27;0.8560935996
94;86;0.8560935996
94;16;0.615131368
94;70;0.6301256492
94;36;0.8560935996
94;85;0.8560935996
94;103;0.8560935996
94;63;0.69817788
94;25;0.8560935996
94;48;0.6945066335
94;110;0.7487143752
94;17;0.8560935996
94;20;0.8560935996
94;95;0.7565067834
94;104;0.8560935996
94;77;0.7349681893
94;40;0.743666109
94;79;0.5449795278
94;26;0.8560935996
94;21;0.8560935996
94;74;0.6719951296
94;47;0.815746948
94;61;0.7349681893
94;75;0.6719951296
94;68;0.8560935996
94;23;0.8541510934
94;111;0.743666109
94;43;0.8560935996
94;28;0.815746948
94;56;0.9738172496
94;29;0.743666109
94;57;0.7611509398
94;90;0.8560935996
94;71;0.8560935996
94;92;0.831937091
94;108;0.7349681893
94;41;0.8560935996
94;24;0.6719951296
94;52;0.7565067834
94;60;0.743666109
94;13;0.88227635
94;106;0.7234846608
94;54;0.8560935996
94;101;0.815746948
94;99;0.743666109
94;58;0.8560935996
94;65;0.6845388753
94;66;0.7565067834
94;73;0.7698488594
94;30;0.8560935996
94;78;0.8560935996
94;81;0.8560935996
94;55;0.811130267
94;62;0.7417236028
94;12;0.8560935996
69;15;0.7364447175
69;37;0.8268942563
69;39;0.7364447175
69;97;0.7364447175
69;49;0.5599358837
69;87;0.5192529008
69;89;0.7187899977
69;46;0.4268014386
69;107;0.8268942563
69;93;0.8426091768
69;64;0.7083237554
69;51;0.7083237554
69;67;0.4977769731
69;35;0.5981113157
69;98;0.5518503672
69;82;0.7364447175
69;38;0.5934946346
69;27;0.7364447175
69;86;0.7216370457
69;16;0.4429819419
69;70;0.7028859666
69;36;0.5874207139
69;85;0.7364447175
69;103;0.8585132079
69;63;0.6935160836
69;25;0.7364447175
69;48;0.5748577514
69;110;0.6290654931
69;17;0.7364447175
69;20;0.7364447175
69;95;0.4939078184
69;104;0.9550366674
69;77;0.5628187632
69;40;0.7144667657
69;79;0.4826246013
69;26;0.7364447175
69;21;0.8120865845
69;74;0.7022498346
69;47;0.6435975219
69;61;0.4723692244
69;75;0.7083237554
69;68;0.7364447175
69;23;0.8626446224
69;111;0.7144667657
69;43;0.8645871286
69;28;0.5531479831
69;56;0.5838942535
69;29;0.7144667657
69;57;0.4662953036
69;90;0.9550366674
69;71;0.7364447175
69;92;0.6207654019
69;108;0.6153193072
69;41;0.5934946346
69;24;0.7083237554
69;52;0.4939078184
69;60;0.5654427621
69;13;0.6839441735
69;106;0.4608856959
69;54;0.8645871286
69;101;0.5981113157
69;99;0.5715166828
69;58;0.5874207139
69;65;0.4862066987
69;66;0.6368579013
69;73;0.5715166828
69;30;0.7364447175
69;78;0.8645871286
69;81;0.5934946346
69;55;0.5485313021
69;62;0.5695741766
69;12;0.7364447175
15;37;1
15;39;1
15;97;1
15;49;0.6048992163
15;87;0.6923586445
15;89;0.8602767898
15;46;0.5343792132
15;107;1
15;93;0.8875725094
15;64;0.81590153
15;51;0.81590153
15;67;0.6708827168
15;35;0.8167032656
15;98;0.5312857307
15;82;1
15;38;0.8570499171
15;27;1
15;86;0.8570499171
15;16;0.6160876855
15;70;0.7478492992
15;36;0.8570499171
15;85;1
15;103;1
15;63;0.6729514471
15;25;1
15;48;0.8384130339
15;110;0.8926207756
15;17;1
15;20;1
15;95;0.7574631009
15;104;1
15;77;0.7359245069
15;40;0.8875725094
15;79;0.6888859282
15;26;1
15;21;0.8570499171
15;74;0.81590153
15;47;0.8167032656
15;61;0.7359245069
15;75;0.81590153
15;68;1
15;23;0.9980574938
15;111;0.8875725094
15;43;1
15;28;0.8167032656
15;56;0.8474495359
15;29;0.8875725094
15;57;0.7359245069
15;90;1
15;71;1
15;92;0.9758434914
15;108;0.8788745897
15;41;0.8570499171
15;24;0.81590153
15;52;0.7574631009
15;60;0.7446224265
15;13;0.8570499171
15;106;0.7244409784
15;54;1
15;101;0.8167032656
15;99;0.7446224265
15;58;0.8570499171
15;65;0.6593124424
15;66;0.9004131838
15;73;0.7446224265
15;30;1
15;78;1
15;81;0.8570499171
15;55;0.8120865845
15;62;0.7426799203
15;12;1
37;39;0.9565886278
37;97;0.9565886278
37;49;0.4648963474
37;87;0.5523557755
37;89;0.8168654176
37;46;0.5328119214
37;107;1
37;93;0.7475696405
37;64;0.8143342382
37;51;0.8143342382
37;67;0.5308798479
37;35;0.7732918934
37;98;0.529718439
37;82;0.9565886278
37;38;0.813638545
37;27;0.9565886278
37;86;0.813638545
37;16;0.4760848166
37;70;0.6078464303
37;36;0.813638545
37;85;0.9565886278
37;103;0.9565886278
37;63;0.6713841554
37;25;0.9565886278
37;48;0.7950016617
37;110;0.8492094034
37;17;0.9565886278
37;20;0.9565886278
37;95;0.7140517287
37;104;0.8599971311
37;77;0.5959216379
37;40;0.7475696405
37;79;0.658496537
37;26;0.9565886278
37;21;0.7170470482
37;74;0.8143342382
37;47;0.6767003966
37;61;0.6925131347
37;75;0.8143342382
37;68;0.9565886278
37;23;0.9546461216
37;111;0.7475696405
37;43;0.9565886278
37;28;0.7732918934
37;56;0.8040381638
37;29;0.7475696405
37;57;0.6925131347
37;90;0.8599971311
37;71;0.9565886278
37;92;0.8295063669
37;108;0.8354632175
37;41;0.813638545
37;24;0.8143342382
37;52;0.7140517287
37;60;0.6046195576
37;13;0.7170470482
37;106;0.6810296062
37;54;0.9565886278
37;101;0.7732918934
37;99;0.6046195576
37;58;0.813638545
37;65;0.5193095734
37;66;0.8570018116
37;73;0.6046195576
37;30;0.9565886278
37;78;0.9565886278
37;81;0.813638545
37;55;0.7686752124
37;62;0.6026770514
37;12;0.9565886278
39;97;0.854721699
39;49;0.4596209153
39;87;0.5470803434
39;89;0.7149984888
39;46;0.3891009121
39;107;0.854721699
39;93;0.7422942084
39;64;0.6706232289
39;51;0.6706232289
39;67;0.6708827168
39;35;0.8167032656
39;98;0.3860074297
39;82;0.854721699
39;38;0.7117716161
39;27;0.854721699
39;86;0.7117716161
39;16;0.4708093845
39;70;0.6025709982
39;36;0.7117716161
39;85;0.854721699
39;103;0.854721699
39;63;0.5276731461
39;25;0.854721699
39;48;0.6931347329
39;110;0.7473424746
39;17;0.854721699
39;20;1
39;95;0.6121847999
39;104;1
39;77;0.5906462058
39;40;0.7422942084
39;79;0.5436076272
39;26;0.854721699
39;21;0.7117716161
39;74;0.6706232289
39;47;0.6714249645
39;61;0.5906462058
39;75;0.81590153
39;68;1
39;23;0.8527791928
39;111;0.7422942084
39;43;0.854721699
39;28;0.8167032656
39;56;0.7021712349
39;29;0.8875725094
39;57;0.5906462058
39;90;0.854721699
39;71;0.854721699
39;92;0.8305651903
39;108;0.8788745897
39;41;0.7117716161
39;24;0.6706232289
39;52;0.6121847999
39;60;0.7446224265
39;13;0.7117716161
39;106;0.7244409784
39;54;0.854721699
39;101;0.6714249645
39;99;0.5993441255
39;58;0.7117716161
39;65;0.5140341413
39;66;0.7551348827
39;73;0.5993441255
39;30;0.854721699
39;78;0.854721699
39;81;0.7117716161
39;55;0.6668082835
39;62;0.5974016193
39;12;0.854721699
97;49;0.6048992163
97;87;0.6923586445
97;89;0.8602767898
97;46;0.5343792132
97;107;1
97;93;0.8875725094
97;64;0.81590153
97;51;0.81590153
97;67;0.6708827168
97;35;0.8167032656
97;98;0.5312857307
97;82;1
97;38;0.8570499171
97;27;1
97;86;0.8570499171
97;16;0.6160876855
97;70;0.7478492992
97;36;0.8570499171
97;85;1
97;103;1
97;63;0.6729514471
97;25;1
97;48;0.8384130339
97;110;0.8926207756
97;17;1
97;20;1
97;95;0.7574631009
97;104;1
97;77;0.7359245069
97;40;0.8875725094
97;79;0.6888859282
97;26;1
97;21;0.8570499171
97;74;0.81590153
97;47;0.8167032656
97;61;0.7359245069
97;75;0.81590153
97;68;1
97;23;0.9980574938
97;111;0.8875725094
97;43;1
97;28;0.8167032656
97;56;0.8474495359
97;29;0.8875725094
97;57;0.7359245069
97;90;1
97;71;1
97;92;0.9758434914
97;108;0.8788745897
97;41;0.8570499171
97;24;0.81590153
97;52;0.7574631009
97;60;0.7446224265
97;13;0.8570499171
97;106;0.7244409784
97;54;1
97;101;0.8167032656
97;99;0.7446224265
97;58;0.8570499171
97;65;0.6593124424
97;66;0.9004131838
97;73;0.7446224265
97;30;1
97;78;1
97;81;0.8570499171
97;55;0.8120865845
97;62;0.7426799203
97;12;1
49;87;0.8517612719
49;89;0.8231131714
49;46;0.6468823191
49;107;0.9040250539
49;93;0.7735598413
49;64;0.785454553
49;51;0.785454553
49;67;0.7178578536
49;35;0.7732288636
49;98;0.7930497031
49;82;0.8135755151
49;38;0.8135755151
49;27;0.8135755151
49;86;0.6831103025
49;16;0.775490313
49;70;0.9135627103
49;36;0.8135755151
49;85;0.8135755151
49;103;0.6831103025
49;63;0.6549893404
49;25;0.8135755151
49;48;0.6519885491
49;110;0.7061962908
49;17;0.8135755151
49;20;0.8135755151
49;95;0.7139886989
49;104;0.7735598413
49;77;0.7828996437
49;40;0.9040250539
49;79;0.5597553989
49;26;0.8135755151
49;21;0.7735598413
49;74;0.8718918427
49;47;0.8636784024
49;61;0.7788873946
49;75;0.785454553
49;68;0.8135755151
49;23;0.8211706653
49;111;0.9040250539
49;43;0.6831103025
49;28;0.7732288636
49;56;0.6610250511
49;29;0.9040250539
49;57;0.6924501049
49;90;0.7735598413
49;71;0.8135755151
49;92;0.7059759818
49;108;0.6924501049
49;41;0.8135755151
49;24;0.785454553
49;52;0.7139886989
49;60;0.9040250539
49;13;0.9040250539
49;106;0.6809665764
49;54;0.6831103025
49;101;0.7732288636
49;99;0.9040250539
49;58;0.8135755151
49;65;0.8187150698
49;66;0.7139886989
49;73;0.9040250539
49;30;0.8135755151
49;78;0.6831103025
49;81;0.8135755151
49;55;0.7686121825
49;62;0.9020825477
49;12;0.8135755151
87;89;0.5826768122
87;46;0.5557068264
87;107;0.8128495612
87;93;0.8128495612
87;64;0.6942790603
87;51;0.6942790603
87;67;0.6266823609
87;35;0.6820533709
87;98;0.5526133439
87;82;0.7224000224
87;38;0.7224000224
87;27;0.7224000224
87;86;0.7224000224
87;16;0.6843148203
87;70;0.6731263511
87;36;0.7224000224
87;85;0.7224000224
87;103;0.7224000224
87;63;0.6942790603
87;25;0.7224000224
87;48;0.5608130564
87;110;0.6150207981
87;17;0.7224000224
87;20;0.7224000224
87;95;0.6228132062
87;104;0.8128495612
87;77;0.691724151
87;40;0.8128495612
87;79;0.4685799062
87;26;0.7224000224
87;21;0.8128495612
87;74;0.6942790603
87;47;0.7725029097
87;61;0.6012746122
87;75;0.6942790603
87;68;0.7224000224
87;23;0.7204575162
87;111;0.8128495612
87;43;0.7224000224
87;28;0.6820533709
87;56;0.5698495584
87;29;0.8128495612
87;57;0.6012746122
87;90;0.8128495612
87;71;0.7224000224
87;92;0.6148004891
87;108;0.6012746122
87;41;0.7224000224
87;24;0.6942790603
87;52;0.6228132062
87;60;0.8128495612
87;13;0.8128495612
87;106;0.5897910837
87;54;0.7224000224
87;101;0.6820533709
87;99;0.8128495612
87;58;0.7224000224
87;65;0.7275395771
87;66;0.6228132062
87;73;0.8128495612
87;30;0.7224000224
87;78;0.7224000224
87;81;0.7224000224
87;55;0.6774366898
87;62;0.810907055
87;12;0.7224000224
89;46;0.3155017684
89;107;0.5949553549
89;93;0.3520626517
89;64;0.6201966734
89;51;0.4108568849
89;67;0.2658380718
89;35;0.5978258208
89;98;0.4616691525
89;82;0.5949553549
89;38;0.4520052721
89;27;0.5949553549
89;86;0.3215400595
89;16;0.2110430405
89;70;0.4333540993
89;36;0.6381724724
89;85;0.5949553549
89;103;0.6506573426
89;63;0.0787301681
89;25;0.5949553549
89;48;0.4333683889
89;110;0.4875761306
89;17;0.5949553549
89;20;0.5949553549
89;95;0.3524184558
89;104;0.4644901423
89;77;0.3308798618
89;40;0.4825278643
89;79;0.2838412832
89;26;0.5949553549
89;21;0.3215400595
89;74;0.5970240852
89;47;0.4116586205
89;61;0.3308798618
89;75;0.4108568849
89;68;0.5949553549
89;23;0.6025505051
89;111;0.4825278643
89;43;0.4644901423
89;28;0.5978258208
89;56;0.4424048909
89;29;0.4825278643
89;57;0.4583356408
89;90;0.4644901423
89;71;0.5949553549
89;92;0.5707988463
89;108;0.4738299447
89;41;0.6381724724
89;24;0.4108568849
89;52;0.3524184558
89;60;0.5257449818
89;13;0.3932938507
89;106;0.3193963333
89;54;0.4644901423
89;101;0.5978258208
89;99;0.3395777815
89;58;0.6381724724
89;65;0.195556376
89;66;0.4953685387
89;73;0.2808663601
89;30;0.5949553549
89;78;0.4644901423
89;81;0.4520052721
89;55;0.4070419395
89;62;0.3376352753
89;12;0.5949553549
46;107;0.4562726215
46;93;0.3438451309
46;64;0.6424398218
46;51;0.6221571567
46;67;0.3042806426
46;35;0.4562726215
46;98;0.5007741054
46;82;0.4562726215
46;38;0.4562726215
46;27;0.4562726215
46;86;0.4562726215
46;16;0.2556570415
46;70;0.2041219207
46;36;0.4562726215
46;85;0.4562726215
46;103;0.4562726215
46;63;0.4562726215
46;25;0.4562726215
46;48;0.5989845686
46;110;0.3488933971
46;17;0.566064255
46;20;0.4562726215
46;95;0.7142459835
46;104;0.4562726215
46;77;0.3351472112
46;40;0.3438451309
46;79;0.4753313883
46;26;0.4562726215
46;21;0.6221571567
46;74;0.4562726215
46;47;0.4562726215
46;61;0.3351472112
46;75;0.4562726215
46;68;0.4562726215
46;23;0.4543301153
46;111;0.3438451309
46;43;0.4562726215
46;28;0.6424398218
46;56;0.4696066927
46;29;0.3438451309
46;57;0.3351472112
46;90;0.4562726215
46;71;0.4562726215
46;92;0.4266291571
46;108;0.3351472112
46;41;0.6424398218
46;24;0.4562726215
46;52;0.3566858053
46;60;0.3438451309
46;13;0.4562726215
46;106;0.3236636828
46;54;0.4562726215
46;101;0.4562726215
46;99;0.3438451309
46;58;0.4562726215
46;65;0.4086734318
46;66;0.3566858053
46;73;0.3438451309
46;30;0.4562726215
46;78;0.4562726215
46;81;0.4562726215
46;55;0.4113092889
46;62;0.3419026247
46;12;0.4562726215
107;93;0.7475696405
107;64;0.8143342382
107;51;0.8143342382
107;67;0.5308798479
107;35;0.7732918934
107;98;0.529718439
107;82;0.9565886278
107;38;0.813638545
107;27;0.9565886278
107;86;0.813638545
107;16;0.4760848166
107;70;0.6078464303
107;36;0.813638545
107;85;0.9565886278
107;103;0.9565886278
107;63;0.6713841554
107;25;0.9565886278
107;48;0.7950016617
107;110;0.8492094034
107;17;0.9565886278
107;20;0.9565886278
107;95;0.7140517287
107;104;0.8599971311
107;77;0.5959216379
107;40;0.7475696405
107;79;0.658496537
107;26;0.9565886278
107;21;0.7170470482
107;74;0.8143342382
107;47;0.6767003966
107;61;0.6925131347
107;75;0.8143342382
107;68;0.9565886278
107;23;0.9546461216
107;111;0.7475696405
107;43;0.9565886278
107;28;0.7732918934
107;56;0.8040381638
107;29;0.7475696405
107;57;0.6925131347
107;90;0.8599971311
107;71;0.9565886278
107;92;0.8295063669
107;108;0.8354632175
107;41;0.813638545
107;24;0.8143342382
107;52;0.7140517287
107;60;0.6046195576
107;13;0.7170470482
107;106;0.6810296062
107;54;0.9565886278
107;101;0.7732918934
107;99;0.6046195576
107;58;0.813638545
107;65;0.5193095734
107;66;0.8570018116
107;73;0.6046195576
107;30;0.9565886278
107;78;0.9565886278
107;81;0.813638545
107;55;0.7686752124
107;62;0.6026770514
107;12;0.9565886278
93;64;0.753287088
93;51;0.753287088
93;67;0.5427403057
93;35;0.5981113157
93;98;0.5968136998
93;82;0.7814080501
93;38;0.6384579672
93;27;0.7814080501
93;86;0.7666003783
93;16;0.6003727651
93;70;0.8602767898
93;36;0.6384579672
93;85;0.7814080501
93;103;0.9095504612
93;63;0.7384794162
93;25;0.7814080501
93;48;0.619821084
93;110;0.6740288257
93;17;0.7814080501
93;20;0.7814080501
93;95;0.538871151
93;104;1
93;77;0.6077820958
93;40;0.8718575889
93;79;0.5275879339
93;26;0.7814080501
93;21;0.8570499171
93;74;0.753287088
93;47;0.6885608545
93;61;0.517332557
93;75;0.753287088
93;68;0.7814080501
93;23;0.907607955
93;111;0.8718575889
93;43;0.9095504612
93;28;0.5981113157
93;56;0.628857586
93;29;0.8718575889
93;57;0.517332557
93;90;1
93;71;0.7814080501
93;92;0.6738085168
93;108;0.6602826398
93;41;0.6384579672
93;24;0.753287088
93;52;0.538871151
93;60;0.728907506
93;13;0.728907506
93;106;0.5058490285
93;54;0.9095504612
93;101;0.5981113157
93;99;0.728907506
93;58;0.6384579672
93;65;0.6435975219
93;66;0.6818212339
93;73;0.728907506
93;30;0.7814080501
93;78;0.9095504612
93;81;0.6384579672
93;55;0.5934946346
93;62;0.7269649998
93;12;0.7814080501
64;51;0.7906602116
64;67;0.4615429284
64;35;0.6073634771
64;98;0.6922116126
64;82;0.7906602116
64;38;0.6477101287
64;27;0.7906602116
64;86;0.6477101287
64;16;0.4067478971
64;70;0.4797980894
64;36;0.6477101287
64;85;0.7906602116
64;103;0.7906602116
64;63;0.5889987074
64;25;0.7906602116
64;48;0.6290732455
64;110;0.6832809872
64;17;0.7906602116
64;20;0.7906602116
64;95;0.5481233125
64;104;0.7906602116
64;77;0.5265847184
64;40;0.6782327209
64;79;0.505632366
64;26;0.7906602116
64;21;0.6477101287
64;74;0.7906602116
64;47;0.6073634771
64;61;0.5265847184
64;75;0.7906602116
64;68;0.7906602116
64;23;0.7887177054
64;111;0.6782327209
64;43;0.7906602116
64;28;0.7935306774
64;56;0.6381097475
64;29;0.6782327209
64;57;0.4678732971
64;90;0.7906602116
64;71;0.7906602116
64;92;0.7610167472
64;108;0.6695348013
64;41;0.833877329
64;24;0.7906602116
64;52;0.5481233125
64;60;0.5352826381
64;13;0.5889987074
64;106;0.51510119
64;54;0.7906602116
64;101;0.6073634771
64;99;0.5352826381
64;58;0.6477101287
64;65;0.3912612326
64;66;0.6910733953
64;73;0.4765712167
64;30;0.7906602116
64;78;0.7906602116
64;81;0.6477101287
64;55;0.6027467961
64;62;0.5333401319
64;12;0.7906602116
51;67;0.5049981816
51;35;0.6508187303
51;98;0.5494996655
51;82;0.8341154648
51;38;0.6911653819
51;27;0.8341154648
51;86;0.6911653819
51;16;0.4502031503
51;70;0.581964764
51;36;0.6911653819
51;85;0.8341154648
51;103;0.8341154648
51;63;0.6911653819
51;25;0.8341154648
51;48;0.9768274119
51;110;0.7267362404
51;17;0.8341154648
51;20;0.8341154648
51;95;0.7574631009
51;104;0.8341154648
51;77;0.5700399716
51;40;0.7216879741
51;79;0.6846711768
51;26;0.8341154648
51;21;0.8570499171
51;74;0.8341154648
51;47;0.6508187303
51;61;0.5700399716
51;75;0.8341154648
51;68;0.8341154648
51;23;0.8321729586
51;111;0.7216879741
51;43;0.8341154648
51;28;0.6508187303
51;56;0.8474495359
51;29;0.7216879741
51;57;0.5700399716
51;90;0.8341154648
51;71;0.8341154648
51;92;0.8044720004
51;108;0.7129900545
51;41;0.6911653819
51;24;0.8341154648
51;52;0.5915785657
51;60;0.5787378913
51;13;0.6911653819
51;106;0.5585564431
51;54;0.8341154648
51;101;0.6508187303
51;99;0.5787378913
51;58;0.6911653819
51;65;0.4934279071
51;66;0.7345286485
51;73;0.5787378913
51;30;0.8341154648
51;78;0.8341154648
51;81;0.6911653819
51;55;0.6462020493
51;62;0.5767953851
51;12;0.8341154648
67;35;0.8370058224
67;98;0.5219408429
67;82;0.6917275214
67;38;0.6917275214
67;27;0.6917275214
67;86;0.6917275214
67;16;0.5815614802
67;70;0.5300263594
67;36;0.6917275214
67;85;0.6917275214
67;103;0.6917275214
67;63;0.6636065593
67;25;0.6917275214
67;48;0.5301405553
67;110;0.584348297
67;17;0.6917275214
67;20;0.8370058224
67;95;0.5921407052
67;104;0.9274553612
67;77;0.7335962887
67;40;0.6697495696
67;79;0.4379074052
67;26;0.6917275214
67;21;0.7821770602
67;74;0.6636065593
67;47;0.7821770602
67;61;0.5706021111
67;75;0.8088848603
67;68;0.8370058224
67;23;0.6897850152
67;111;0.6697495696
67;43;0.6917275214
67;28;0.8370058224
67;56;0.5391770574
67;29;0.8150278706
67;57;0.6431467499
67;90;0.7821770602
67;71;0.6917275214
67;92;0.5760482058
67;108;0.7158804122
67;41;0.6917275214
67;24;0.6636065593
67;52;0.5921407052
67;60;0.8150278706
67;13;0.7821770602
67;106;0.7043968837
67;54;0.6917275214
67;101;0.6917275214
67;99;0.6697495696
67;58;0.6917275214
67;65;0.624786237
67;66;0.5921407052
67;73;0.6697495696
67;30;0.6917275214
67;78;0.6917275214
67;81;0.6917275214
67;55;0.6467641888
67;62;0.6678070634
67;12;0.6917275214
35;98;0.48399418
35;82;0.8097583664
35;38;0.8097583664
35;27;0.8097583664
35;86;0.8097583664
35;16;0.6091427864
35;70;0.5576076656
35;36;0.8036844456
35;85;0.8097583664
35;103;0.8036844456
35;63;0.6256598963
35;25;0.8097583664
35;48;0.6481714003
35;110;0.702379142
35;17;0.8097583664
35;20;0.9550366674
35;95;0.7101715502
35;104;0.9550366674
35;77;0.6886329561
35;40;0.6973308758
35;79;0.4986442946
35;26;0.8097583664
35;21;0.8097583664
35;74;0.6195859756
35;47;0.8097583664
35;61;0.6886329561
35;75;0.7709381974
35;68;0.9550366674
35;23;0.8078158602
35;111;0.6973308758
35;43;0.8097583664
35;28;0.9550366674
35;56;0.6572079023
35;29;0.8426091768
35;57;0.6825590354
35;90;0.8097583664
35;71;0.8097583664
35;92;0.7856018577
35;108;0.8339112571
35;41;0.8097583664
35;24;0.6256598963
35;52;0.7101715502
35;60;0.8365352561
35;13;0.8097583664
35;106;0.8224277287
35;54;0.8097583664
35;101;0.854721699
35;99;0.6973308758
35;58;0.8036844456
35;65;0.6523675432
35;66;0.7101715502
35;73;0.6973308758
35;30;0.8097583664
35;78;0.8097583664
35;81;0.8097583664
35;55;0.7647950338
35;62;0.6953883696
35;12;0.8097583664
98;82;0.7617451233
98;38;0.7617451233
98;27;0.7617451233
98;86;0.6312799107
98;16;0.5878565558
98;70;0.658855289
98;36;0.7617451233
98;85;0.7617451233
98;103;0.6312799107
98;63;0.6312799107
98;25;0.7617451233
98;48;0.6001581572
98;110;0.6543658989
98;17;0.7617451233
98;20;0.7617451233
98;95;0.6621583071
98;104;0.6312799107
98;77;0.6406197131
98;40;0.6493176327
98;79;0.4767172778
98;26;0.7617451233
98;21;0.6312799107
98;74;0.7617451233
98;47;0.7213984718
98;61;0.6406197131
98;75;0.7617451233
98;68;0.7617451233
98;23;0.7712827796
98;111;0.6016707968
98;43;0.6312799107
98;28;0.8995369457
98;56;0.6091946593
98;29;0.6493176327
98;57;0.6406197131
98;90;0.6312799107
98;71;0.7617451233
98;92;0.732101659
98;108;0.6406197131
98;41;0.773999062
98;24;0.7617451233
98;52;0.6621583071
98;60;0.6493176327
98;13;0.7617451233
98;106;0.6310786908
98;54;0.6312799107
98;101;0.7213984718
98;99;0.6493176327
98;58;0.7617451233
98;65;0.614586395
98;66;0.6621583071
98;73;0.6493176327
98;30;0.7617451233
98;78;0.6312799107
98;81;0.7617451233
98;55;0.7673605372
98;62;0.6493176327
98;12;0.7617451233
82;38;0.7407109082
82;27;0.8836609911
82;86;0.7407109082
82;16;0.4997486766
82;70;0.7478492992
82;36;0.7407109082
82;85;0.8836609911
82;103;0.8836609911
82;63;0.5566124382
82;25;0.8836609911
82;48;0.722074025
82;110;0.7762817667
82;17;0.8836609911
82;20;1
82;95;0.641124092
82;104;0.8836609911
82;77;0.7135402471
82;40;0.8875725094
82;79;0.5725469194
82;26;1
82;21;0.7407109082
82;74;0.6995625211
82;47;0.7003642567
82;61;0.619585498
82;75;0.6995625211
82;68;0.8836609911
82;23;0.8817184849
82;111;0.7712335005
82;43;0.8836609911
82;28;0.7003642567
82;56;0.7311105271
82;29;0.7712335005
82;57;0.7135402471
82;90;0.8836609911
82;71;0.8836609911
82;92;0.8595044825
82;108;0.7625355808
82;41;0.7407109082
82;24;0.6995625211
82;52;0.641124092
82;60;0.7446224265
82;13;0.7407109082
82;106;0.6081019695
82;54;0.8836609911
82;101;0.7003642567
82;99;0.6282834176
82;58;0.7407109082
82;65;0.5429734335
82;66;0.7840741749
82;73;0.7446224265
82;30;0.8836609911
82;78;0.8836609911
82;81;0.7407109082
82;55;0.6957475757
82;62;0.6263409114
82;12;0.8836609911
38;27;1
38;86;1
38;16;0.7590377684
38;70;0.7478492992
38;36;1
38;85;1
38;103;1
38;63;0.81590153
38;25;1
38;48;0.8384130339
38;110;0.8926207756
38;17;1
38;20;1
38;95;0.9004131838
38;104;1
38;77;0.8788745897
38;40;0.8875725094
38;79;0.6888859282
38;26;1
38;21;1
38;74;0.81590153
38;47;0.9596533484
38;61;0.8788745897
38;75;0.81590153
38;68;1
38;23;0.9980574938
38;111;0.8875725094
38;43;1
38;28;0.9596533484
38;56;0.8474495359
38;29;0.8875725094
38;57;0.8788745897
38;90;1
38;71;1
38;92;0.9758434914
38;108;0.8788745897
38;41;1
38;24;0.81590153
38;52;0.9004131838
38;60;0.8875725094
38;13;1
38;106;0.8673910613
38;54;1
38;101;0.9596533484
38;99;0.8875725094
38;58;1
38;65;0.8022625252
38;66;0.9004131838
38;73;0.8875725094
38;30;1
38;78;1
38;81;1
38;55;0.9550366674
38;62;0.8856300032
38;12;1
27;86;0.8570499171
27;16;0.6160876855
27;70;0.7478492992
27;36;0.8570499171
27;85;1
27;103;1
27;63;0.6729514471
27;25;1
27;48;0.8384130339
27;110;0.8926207756
27;17;1
27;20;1
27;95;0.7574631009
27;104;1
27;77;0.7359245069
27;40;0.8875725094
27;79;0.6888859282
27;26;1
27;21;0.8570499171
27;74;0.81590153
27;47;0.8167032656
27;61;0.7359245069
27;75;0.81590153
27;68;1
27;23;0.9980574938
27;111;0.8875725094
27;43;1
27;28;0.8167032656
27;56;0.8474495359
27;29;0.8875725094
27;57;0.7359245069
27;90;1
27;71;1
27;92;0.9758434914
27;108;0.8788745897
27;41;0.8570499171
27;24;0.81590153
27;52;0.7574631009
27;60;0.7446224265
27;13;0.8570499171
27;106;0.7244409784
27;54;1
27;101;0.8167032656
27;99;0.7446224265
27;58;0.8570499171
27;65;0.6593124424
27;66;0.9004131838
27;73;0.7446224265
27;30;1
27;78;1
27;81;0.8570499171
27;55;0.8120865845
27;62;0.7426799203
27;12;1
86;16;0.6308953573
86;70;0.7478492992
86;36;0.8718575889
86;85;0.8718575889
86;103;1
86;63;0.81590153
86;25;0.8718575889
86;48;0.7102706228
86;110;0.7644783645
86;17;0.8718575889
86;20;0.8718575889
86;95;0.7722707727
86;104;1
86;77;0.7507321786
86;40;0.7594300983
86;79;0.5607435171
86;26;0.8718575889
86;21;1
86;74;0.6877591189
86;47;0.8315109373
86;61;0.7507321786
86;75;0.6877591189
86;68;0.8718575889
86;23;0.9980574938
86;111;0.7594300983
86;43;1
86;28;0.8315109373
86;56;0.7193071248
86;29;0.7594300983
86;57;0.7507321786
86;90;1
86;71;0.8718575889
86;92;0.8477010803
86;108;0.7507321786
86;41;0.8718575889
86;24;0.6877591189
86;52;0.7722707727
86;60;0.7594300983
86;13;0.8718575889
86;106;0.7392486502
86;54;1
86;101;0.8315109373
86;99;0.7594300983
86;58;0.8718575889
86;65;0.6741201141
86;66;0.7722707727
86;73;0.7594300983
86;30;0.8718575889
86;78;1
86;81;0.8718575889
86;55;0.8268942563
86;62;0.7574875921
86;12;0.8718575889
16;70;0.8602767898
16;36;0.9095504612
16;85;0.9095504612
16;103;0.9095504612
16;63;0.8814294991
16;25;0.9095504612
16;48;0.7479634951
16;110;0.8021712368
16;17;0.9095504612
16;20;0.9095504612
16;95;0.809963645
16;104;1
16;77;0.8788745897
16;40;1
16;79;0.655730345
16;26;0.9095504612
16;21;1
16;74;0.8814294991
16;47;1
16;61;0.7884250509
16;75;0.8814294991
16;68;0.9095504612
16;23;0.9095504612
16;111;1
16;43;0.9095504612
16;28;0.9095504612
16;56;0.7569999971
16;29;1
16;57;0.7884250509
16;90;1
16;71;0.9095504612
16;92;0.8019509279
16;108;0.7884250509
16;41;0.9095504612
16;24;0.8814294991
16;52;0.809963645
16;60;1
16;13;1
16;106;0.7788840287
16;54;0.9095504612
16;101;0.9095504612
16;99;1
16;58;0.9095504612
16;65;0.9550366674
16;66;0.809963645
16;73;1
16;30;0.9095504612
16;78;0.9095504612
16;81;0.9095504612
16;55;0.8645871286
16;62;1
16;12;0.9095504612
70;36;0.6145409627
70;85;0.7574910455
70;103;0.6270258329
70;63;0.4821375384
70;25;0.7574910455
70;48;0.5959040795
70;110;0.6501118212
70;17;0.7574910455
70;20;0.8738300544
70;95;0.5149541465
70;104;0.7174753717
70;77;0.6778198403
70;40;0.9642795932
70;79;0.5036709293
70;26;0.8738300544
70;21;0.5745252889
70;74;0.7293700834
70;47;0.6646438499
70;61;0.4934155524
70;75;0.7293700834
70;68;0.7574910455
70;23;0.7650861957
70;111;0.8479405844
70;43;0.6270258329
70;28;0.5741943111
70;56;0.6049405815
70;29;0.8479405844
70;57;0.613553052
70;90;0.7174753717
70;71;0.7574910455
70;92;0.6498915122
70;108;0.6363656353
70;41;0.6145409627
70;24;0.7293700834
70;52;0.5149541465
70;60;0.8213295104
70;13;0.7311732519
70;106;0.4819320239
70;54;0.6270258329
70;101;0.5741943111
70;99;0.7049905015
70;58;0.6145409627
70;65;0.6458632678
70;66;0.6579042293
70;73;0.8475122608
70;30;0.7574910455
70;78;0.6270258329
70;81;0.6145409627
70;55;0.5695776301
70;62;0.7030479953
70;12;0.7574910455
36;85;0.8138327997
36;103;1
36;63;0.6297343297
36;25;0.8138327997
36;48;0.6522458336
36;110;0.7064535753
36;17;0.8138327997
36;20;0.8138327997
36;95;0.7142459835
36;104;0.8138327997
36;77;0.6927073894
36;40;0.7014053091
36;79;0.5027187279
36;26;0.8138327997
36;21;0.8138327997
36;74;0.81590153
36;47;0.7734861481
36;61;0.6927073894
36;75;0.6297343297
36;68;0.8138327997
36;23;0.8118902935
36;111;0.7014053091
36;43;0.8138327997
36;28;0.7734861481
36;56;0.6612823356
36;29;0.7014053091
36;57;0.8788745897
36;90;0.8138327997
36;71;0.8138327997
36;92;0.7896762911
36;108;0.6927073894
36;41;0.8138327997
36;24;0.6297343297
36;52;0.7142459835
36;60;0.8875725094
36;13;0.8138327997
36;106;0.681223861
36;54;0.8138327997
36;101;0.9596533484
36;99;0.7014053091
36;58;1
36;65;0.6160953249
36;66;0.7142459835
36;73;0.7014053091
36;30;0.8138327997
36;78;0.8138327997
36;81;0.8138327997
36;55;0.7688694671
36;62;0.6994628029
36;12;0.8138327997
85;103;1
85;63;0.6729514471
85;25;1
85;48;0.8384130339
85;110;0.8926207756
85;17;1
85;20;1
85;95;0.7574631009
85;104;1
85;77;0.7359245069
85;40;0.8875725094
85;79;0.6888859282
85;26;1
85;21;0.8570499171
85;74;0.81590153
85;47;0.8167032656
85;61;0.7359245069
85;75;0.81590153
85;68;1
85;23;0.9980574938
85;111;0.8875725094
85;43;1
85;28;0.8167032656
85;56;0.8474495359
85;29;0.8875725094
85;57;0.7359245069
85;90;1
85;71;1
85;92;0.9758434914
85;108;0.8788745897
85;41;0.8570499171
85;24;0.81590153
85;52;0.7574631009
85;60;0.7446224265
85;13;0.8570499171
85;106;0.7244409784
85;54;1
85;101;0.8167032656
85;99;0.7446224265
85;58;0.8570499171
85;65;0.6593124424
85;66;0.9004131838
85;73;0.7446224265
85;30;1
85;78;1
85;81;0.8570499171
85;55;0.8120865845
85;62;0.7426799203
85;12;1
103;63;0.4867842468
103;25;0.6856903886
103;48;0.5241034225
103;110;0.5783111642
103;17;0.6856903886
103;20;0.6856903886
103;95;0.4431534895
103;104;0.8138327997
103;77;0.4216148955
103;40;0.573262898
103;79;0.3745763168
103;26;0.6856903886
103;21;0.6708827168
103;74;0.6877591189
103;47;0.5023936542
103;61;0.4216148955
103;75;0.5015919186
103;68;0.6856903886
103;23;0.8118902935
103;111;0.573262898
103;43;0.8138327997
103;28;0.5023936542
103;56;0.5331399245
103;29;0.573262898
103;57;0.6077820958
103;90;0.8138327997
103;71;0.6856903886
103;92;0.66153388
103;108;0.5645649783
103;41;0.5427403057
103;24;0.5015919186
103;52;0.4431534895
103;60;0.6164800154
103;13;0.5427403057
103;106;0.410131367
103;54;0.8138327997
103;101;0.6885608545
103;99;0.4303128151
103;58;0.728907506
103;65;0.345002831
103;66;0.5861035724
103;73;0.4303128151
103;30;0.6856903886
103;78;0.8138327997
103;81;0.5427403057
103;55;0.4977769731
103;62;0.4283703089
103;12;0.6856903886
63;25;0.8456748385
63;48;0.6840878724
63;110;0.7382956141
63;17;0.8456748385
63;20;0.8456748385
63;95;0.7460880222
63;104;0.9738172496
63;77;0.7245494282
63;40;0.7332473478
63;79;0.5606469929
63;26;0.8456748385
63;21;0.9738172496
63;74;0.8456748385
63;47;0.8053281869
63;61;0.7245494282
63;75;0.8456748385
63;68;0.8456748385
63;23;0.9718747434
63;111;0.7332473478
63;43;0.9738172496
63;28;0.8053281869
63;56;0.6931243744
63;29;0.7332473478
63;57;0.7507321786
63;90;0.9738172496
63;71;0.8456748385
63;92;0.8160313741
63;108;0.7245494282
63;41;0.8456748385
63;24;0.8456748385
63;52;0.7460880222
63;60;0.7332473478
63;13;0.8718575889
63;106;0.7130658997
63;54;0.9738172496
63;101;0.8053281869
63;99;0.7332473478
63;58;0.8456748385
63;65;0.6741201141
63;66;0.7460880222
63;73;0.7594300983
63;30;0.8456748385
63;78;0.9738172496
63;81;0.8456748385
63;55;0.8007115059
63;62;0.7313048417
63;12;0.8456748385
25;48;0.8267050587
25;110;0.8809128004
25;17;0.9882920247
25;20;0.9882920247
25;95;0.7457551256
25;104;0.9882920247
25;77;0.7242165316
25;40;0.8758645341
25;79;0.677177953
25;26;0.9882920247
25;21;0.8453419419
25;74;0.8041935547
25;47;0.8049952903
25;61;0.7242165316
25;75;0.8041935547
25;68;0.9882920247
25;23;0.9863495185
25;111;0.8758645341
25;43;0.9882920247
25;28;0.8049952903
25;56;0.8357415607
25;29;0.8758645341
25;57;0.7242165316
25;90;0.9882920247
25;71;0.9882920247
25;92;0.9641355161
25;108;0.8671666145
25;41;0.8453419419
25;24;0.8041935547
25;52;0.7457551256
25;60;0.7329144513
25;13;0.8453419419
25;106;0.7127330031
25;54;0.9882920247
25;101;0.8049952903
25;99;0.7329144513
25;58;0.8453419419
25;65;0.6476044671
25;66;0.8887052085
25;73;0.7329144513
25;30;0.9882920247
25;78;0.9882920247
25;81;0.8453419419
25;55;0.8003786093
25;62;0.7309719451
25;12;0.9882920247
48;110;0.8926207756
48;17;1
48;20;1
48;95;0.7574631009
48;104;1
48;77;0.7359245069
48;40;0.8875725094
48;79;0.8457353893
48;26;1
48;21;0.8570499171
48;74;0.81590153
48;47;0.8167032656
48;61;0.7359245069
48;75;0.81590153
48;68;1
48;23;0.9980574938
48;111;0.8875725094
48;43;1
48;28;0.8167032656
48;56;0.8474495359
48;29;0.8875725094
48;57;0.7359245069
48;90;1
48;71;1
48;92;0.9758434914
48;108;0.8788745897
48;41;0.8570499171
48;24;0.81590153
48;52;0.7574631009
48;60;0.7446224265
48;13;0.8570499171
48;106;0.7244409784
48;54;1
48;101;0.8167032656
48;99;0.7446224265
48;58;0.8570499171
48;65;0.6593124424
48;66;0.9004131838
48;73;0.7446224265
48;30;1
48;78;1
48;81;0.8570499171
48;55;0.8120865845
48;62;0.7426799203
48;12;1
110;17;1
110;20;1
110;95;0.7574631009
110;104;1
110;77;0.7359245069
110;40;0.8875725094
110;79;0.6888859282
110;26;1
110;21;0.8570499171
110;74;0.81590153
110;47;0.8167032656
110;61;0.7359245069
110;75;0.81590153
110;68;1
110;23;0.9980574938
110;111;0.8875725094
110;43;1
110;28;0.8167032656
110;56;0.8474495359
110;29;0.8875725094
110;57;0.7359245069
110;90;1
110;71;1
110;92;0.9758434914
110;108;0.8788745897
110;41;0.8570499171
110;24;0.81590153
110;52;0.7574631009
110;60;0.7446224265
110;13;0.8570499171
110;106;0.7244409784
110;54;1
110;101;0.8167032656
110;99;0.7446224265
110;58;0.8570499171
110;65;0.6593124424
110;66;0.9004131838
110;73;0.7446224265
110;30;1
110;78;1
110;81;0.8570499171
110;55;0.8120865845
110;62;0.7426799203
110;12;1
17;20;0.9271373051
17;95;0.7574631009
17;104;0.9271373051
17;77;0.663061812
17;40;0.8147098145
17;79;0.6627031778
17;26;0.9271373051
17;21;0.7841872223
17;74;0.7430388351
17;47;0.7438405707
17;61;0.663061812
17;75;0.7430388351
17;68;0.9271373051
17;23;0.9251947989
17;111;0.8147098145
17;43;0.9271373051
17;28;0.7438405707
17;56;0.7745868411
17;29;0.8147098145
17;57;0.663061812
17;90;0.9271373051
17;71;0.9271373051
17;92;0.9029807965
17;108;0.8060118949
17;41;0.7841872223
17;24;0.7430388351
17;52;0.684600406
17;60;0.6717597316
17;13;0.7841872223
17;106;0.6515782835
17;54;0.9271373051
17;101;0.7438405707
17;99;0.6717597316
17;58;0.7841872223
17;65;0.6593124424
17;66;0.8275504889
17;73;0.6717597316
17;30;0.9271373051
17;78;0.9271373051
17;81;0.7841872223
17;55;0.7392238897
17;62;0.6698172255
17;12;0.9271373051
20;95;0.495845791
20;104;0.8836609911
20;77;0.568261946
20;40;0.7422942084
20;79;0.4272686183
20;26;0.854721699
20;21;0.5954326072
20;74;0.55428422
20;47;0.5550859557
20;61;0.4743071969
20;75;0.6995625211
20;68;0.8836609911
20;23;0.7364401839
20;111;0.6259551995
20;43;0.7383826901
20;28;0.7003642567
20;56;0.585832226
20;29;0.7712335005
20;57;0.568261946
20;90;0.7383826901
20;71;0.7383826901
20;92;0.7142261814
20;108;0.7625355808
20;41;0.5954326072
20;24;0.55428422
20;52;0.495845791
20;60;0.7446224265
20;13;0.5954326072
20;106;0.6081019695
20;54;0.7383826901
20;101;0.5550859557
20;99;0.4830051166
20;58;0.5954326072
20;65;0.3976951325
20;66;0.6387958739
20;73;0.5993441255
20;30;0.7383826901
20;78;0.7383826901
20;81;0.5954326072
20;55;0.5504692746
20;62;0.4810626104
20;12;0.7383826901
95;104;0.6424398218
95;77;0.5213144115
95;40;0.5300123312
95;79;0.6354123624
95;26;0.6424398218
95;21;0.808324357
95;74;0.4583413518
95;47;0.6020931702
95;61;0.5213144115
95;75;0.4583413518
95;68;0.6424398218
95;23;0.6404973156
95;111;0.5300123312
95;43;0.6424398218
95;28;0.6020931702
95;56;0.655773893
95;29;0.5300123312
95;57;0.5213144115
95;90;0.6424398218
95;71;0.6424398218
95;92;0.6182833132
95;108;0.5213144115
95;41;0.6424398218
95;24;0.4583413518
95;52;0.6424398218
95;60;0.5300123312
95;13;0.6424398218
95;106;0.5098308831
95;54;0.6424398218
95;101;0.6020931702
95;99;0.5300123312
95;58;0.6424398218
95;65;0.5365206105
95;66;0.6424398218
95;73;0.5300123312
95;30;0.6424398218
95;78;0.6424398218
95;81;0.6424398218
95;55;0.5795031192
95;62;0.528069825
95;12;0.6424398218
104;77;0.4625037947
104;40;0.6141517973
104;79;0.3823096328
104;26;0.6361297491
104;21;0.7117716161
104;74;0.6080087869
104;47;0.5432825534
104;61;0.3720542559
104;75;0.753287088
104;68;0.7814080501
104;23;0.762329654
104;111;0.6141517973
104;43;0.7642721602
104;28;0.5981113157
104;56;0.483579285
104;29;0.7594300983
104;57;0.3720542559
104;90;0.854721699
104;71;0.6361297491
104;92;0.5204504334
104;108;0.6602826398
104;41;0.4931796662
104;24;0.6080087869
104;52;0.39359285
104;60;0.6164800154
104;13;0.583629205
104;106;0.5058490285
104;54;0.7642721602
104;101;0.4528330146
104;99;0.4712017144
104;58;0.4931796662
104;65;0.3858917302
104;66;0.5365429328
104;73;0.4712017144
104;30;0.6361297491
104;78;0.7642721602
104;81;0.4931796662
104;55;0.4482163336
104;62;0.4692592082
104;12;0.6361297491
77;40;0.8150278706
77;79;0.5831857062
77;26;0.8370058224
77;21;0.9274553612
77;74;0.8088848603
77;47;0.8871087097
77;61;0.7158804122
77;75;0.8088848603
77;68;0.8370058224
77;23;0.8350633162
77;111;0.8150278706
77;43;0.8370058224
77;28;0.7966591709
77;56;0.6844553584
77;29;0.8150278706
77;57;0.9095504612
77;90;0.9274553612
77;71;0.8370058224
77;92;0.7213265068
77;108;0.7158804122
77;41;0.8370058224
77;24;0.8088848603
77;52;0.7374190062
77;60;0.8150278706
77;13;0.9274553612
77;106;0.7043968837
77;54;0.8370058224
77;101;0.7966591709
77;99;0.8150278706
77;58;0.8370058224
77;65;0.7297178865
77;66;0.7374190062
77;73;0.8150278706
77;30;0.8370058224
77;78;0.8370058224
77;81;0.8370058224
77;55;0.7920424899
77;62;0.8130853644
77;12;0.8370058224
40;79;0.5393913361
40;26;0.9095504612
40;21;0.7407109082
40;74;0.7650904902
40;47;0.7003642567
40;61;0.5291359592
40;75;0.7650904902
40;68;0.7932114523
40;23;0.7912689461
40;111;0.8836609911
40;43;0.7932114523
40;28;0.6099147179
40;56;0.6406609882
40;29;0.8836609911
40;57;0.6230907083
40;90;0.8836609911
40;71;0.7932114523
40;92;0.685611919
40;108;0.672086042
40;41;0.6502613694
40;24;0.7650904902
40;52;0.5506745532
40;60;0.8570499171
40;13;0.7407109082
40;106;0.5176524307
40;54;0.7932114523
40;101;0.6099147179
40;99;0.7407109082
40;58;0.6502613694
40;65;0.6554009241
40;66;0.6936246361
40;73;0.8570499171
40;30;0.7932114523
40;78;0.7932114523
40;81;0.6502613694
40;55;0.6052980368
40;62;0.738768402
40;12;0.7932114523
79;26;0.8557142081
79;21;0.7127641252
79;74;0.8557142081
79;47;0.6724174737
79;61;0.591638715
79;75;0.8557142081
79;68;0.8557142081
79;23;0.8537717019
79;111;0.8074918889
79;43;0.8557142081
79;28;0.6724174737
79;56;0.7031637441
79;29;0.8074918889
79;57;0.591638715
79;90;0.8557142081
79;71;0.8557142081
79;92;0.9462338632
79;108;0.7345887978
79;41;0.7127641252
79;24;0.8557142081
79;52;0.613177309
79;60;0.664541806
79;13;0.7127641252
79;106;0.5801551865
79;54;0.8557142081
79;101;0.6724174737
79;99;0.664541806
79;58;0.7127641252
79;65;0.6234603024
79;66;0.7561273919
79;73;0.664541806
79;30;0.8557142081
79;78;0.8557142081
79;81;0.7127641252
79;55;0.6678007927
79;62;0.6625992998
79;12;0.8557142081
26;21;0.7407109082
26;74;0.6995625211
26;47;0.7003642567
26;61;0.619585498
26;75;0.6995625211
26;68;0.8836609911
26;23;0.8817184849
26;111;0.7712335005
26;43;0.8836609911
26;28;0.7003642567
26;56;0.7311105271
26;29;0.7712335005
26;57;0.7135402471
26;90;0.8836609911
26;71;0.8836609911
26;92;0.8595044825
26;108;0.7625355808
26;41;0.7407109082
26;24;0.6995625211
26;52;0.641124092
26;60;0.7446224265
26;13;0.7407109082
26;106;0.6081019695
26;54;0.8836609911
26;101;0.7003642567
26;99;0.6282834176
26;58;0.7407109082
26;65;0.5429734335
26;66;0.7840741749
26;73;0.7446224265
26;30;0.8836609911
26;78;0.8836609911
26;81;0.7407109082
26;55;0.6957475757
26;62;0.6263409114
26;12;0.8836609911
21;74;0.5874025527
21;47;0.6656264021
21;61;0.4943981046
21;75;0.5874025527
21;68;0.6155235148
21;23;0.7417234197
21;111;0.593545563
21;43;0.7436659259
21;28;0.5751768633
21;56;0.628857586
21;29;0.593545563
21;57;0.4943981046
21;90;0.8341154648
21;71;0.6155235148
21;92;0.4998441992
21;108;0.4943981046
21;41;0.6155235148
21;24;0.5874025527
21;52;0.5159366986
21;60;0.593545563
21;13;0.7059730537
21;106;0.4829145761
21;54;0.7436659259
21;101;0.5751768633
21;99;0.593545563
21;58;0.6155235148
21;65;0.5082355789
21;66;0.5159366986
21;73;0.593545563
21;30;0.6155235148
21;78;0.7436659259
21;81;0.6155235148
21;55;0.5705601823
21;62;0.5916030568
21;12;0.6155235148
74;47;0.5440987755
74;61;0.5497573066
74;75;0.72739551
74;68;0.72739551
74;23;0.7254530038
74;111;0.6149680193
74;43;0.72739551
74;28;0.5440987755
74;56;0.5748450459
74;29;0.6149680193
74;57;0.6494872171
74;90;0.72739551
74;71;0.72739551
74;92;0.6977520456
74;108;0.6062700997
74;41;0.5844454271
74;24;0.72739551
74;52;0.4848586109
74;60;0.6581851368
74;13;0.5844454271
74;106;0.4518364884
74;54;0.72739551
74;101;0.7302659758
74;99;0.4720179365
74;58;0.7706126274
74;65;0.3867079523
74;66;0.6278086937
74;73;0.4720179365
74;30;0.72739551
74;78;0.72739551
74;81;0.5844454271
74;55;0.5394820945
74;62;0.4700754303
74;12;0.72739551
47;61;0.7884250509
47;75;0.8814294991
47;68;0.9095504612
47;23;0.907607955
47;111;0.8875725094
47;43;0.9095504612
47;28;0.9095504612
47;56;0.7569999971
47;29;0.8875725094
47;57;0.7884250509
47;90;1
47;71;0.9095504612
47;92;0.7938711455
47;108;0.7884250509
47;41;0.9095504612
47;24;0.8814294991
47;52;0.809963645
47;60;0.8875725094
47;13;1
47;106;0.7769415225
47;54;0.9095504612
47;101;0.9095504612
47;99;0.8875725094
47;58;0.9095504612
47;65;0.8426091768
47;66;0.809963645
47;73;0.8875725094
47;30;0.9095504612
47;78;0.9095504612
47;81;0.9095504612
47;55;0.8645871286
47;62;0.8856300032
47;12;0.9095504612
61;75;0.741138633
61;68;0.925237103
61;23;0.9232945968
61;111;0.8128096124
61;43;0.925237103
61;28;0.8848904515
61;56;0.772686639
61;29;0.8128096124
61;57;0.8041116928
61;90;0.925237103
61;71;0.925237103
61;92;0.9010805944
61;108;0.925237103
61;41;0.925237103
61;24;0.741138633
61;52;0.8256502868
61;60;0.8128096124
61;13;0.925237103
61;106;0.7926281643
61;54;0.925237103
61;101;0.8848904515
61;99;0.8128096124
61;58;0.925237103
61;65;0.7274996283
61;66;0.8256502868
61;73;0.8128096124
61;30;0.925237103
61;78;0.925237103
61;81;0.925237103
61;55;0.8802737704
61;62;0.8108671062
61;12;0.925237103
75;68;1
75;23;0.8527791928
75;111;0.7422942084
75;43;0.854721699
75;28;0.8167032656
75;56;0.7021712349
75;29;0.8875725094
75;57;0.5906462058
75;90;0.854721699
75;71;0.854721699
75;92;0.8250782346
75;108;0.8788745897
75;41;0.7117716161
75;24;0.854721699
75;52;0.6121847999
75;60;0.7446224265
75;13;0.7117716161
75;106;0.7244409784
75;54;0.854721699
75;101;0.6714249645
75;99;0.5993441255
75;58;0.7117716161
75;65;0.5140341413
75;66;0.7551348827
75;73;0.5993441255
75;30;0.854721699
75;78;0.854721699
75;81;0.7117716161
75;55;0.6668082835
75;62;0.5974016193
75;12;0.854721699
68;23;0.8527791928
68;111;0.7422942084
68;43;0.854721699
68;28;0.8167032656
68;56;0.7021712349
68;29;0.8875725094
68;57;0.5906462058
68;90;0.854721699
68;71;0.854721699
68;92;0.8305651903
68;108;0.8788745897
68;41;0.7117716161
68;24;0.6706232289
68;52;0.6121847999
68;60;0.7446224265
68;13;0.7117716161
68;106;0.7244409784
68;54;0.854721699
68;101;0.6714249645
68;99;0.5993441255
68;58;0.7117716161
68;65;0.5140341413
68;66;0.7551348827
68;73;0.5993441255
68;30;0.854721699
68;78;0.854721699
68;81;0.7117716161
68;55;0.6668082835
68;62;0.5974016193
68;12;0.854721699
23;111;0.7138027761
23;43;0.8964566935
23;28;0.6429335323
23;56;0.6736798026
23;29;0.7138027761
23;57;0.5621547736
23;90;0.8964566935
23;71;0.8262302667
23;92;0.8020737581
23;108;0.7051048564
23;41;0.6832801838
23;24;0.6421317967
23;52;0.5836933676
23;60;0.5708526932
23;13;0.6832801838
23;106;0.5526137513
23;54;0.8964566935
23;101;0.6429335323
23;99;0.5708526932
23;58;0.6832801838
23;65;0.4855427091
23;66;0.7266434505
23;73;0.5708526932
23;30;0.8262302667
23;78;0.8964566935
23;81;0.6832801838
23;55;0.6383168512
23;62;0.5708526932
23;12;0.8262302667
111;43;0.7157709183
111;28;0.5324741839
111;56;0.5632204543
111;29;0.8062204571
111;57;0.4516954252
111;90;0.8062204571
111;71;0.7157709183
111;92;0.608171385
111;108;0.5946455081
111;41;0.5728208355
111;24;0.6876499562
111;52;0.4732340192
111;60;0.6632703743
111;13;0.6632703743
111;106;0.4402118967
111;54;0.7157709183
111;101;0.5324741839
111;99;0.6632703743
111;58;0.5728208355
111;65;0.771739933
111;66;0.6161841021
111;73;0.6632703743
111;30;0.7157709183
111;78;0.7157709183
111;81;0.5728208355
111;55;0.7216370457
111;62;0.6613278681
111;12;0.7157709183
43;28;0.6885608545
43;56;0.7193071248
43;29;0.7594300983
43;57;0.6077820958
43;90;1
43;71;0.8718575889
43;92;0.8477010803
43;108;0.7507321786
43;41;0.728907506
43;24;0.6877591189
43;52;0.6293206898
43;60;0.6164800154
43;13;0.728907506
43;106;0.5962985673
43;54;1
43;101;0.6885608545
43;99;0.6164800154
43;58;0.728907506
43;65;0.5311700313
43;66;0.7722707727
43;73;0.6164800154
43;30;0.8718575889
43;78;1
43;81;0.728907506
43;55;0.6839441735
43;62;0.6145375092
43;12;0.8718575889
28;56;0.524032761
28;29;0.7094340355
28;57;0.5554578148
28;90;0.6765832251
28;71;0.6765832251
28;92;0.6524267164
28;108;0.7007361158
28;41;0.6888371637
28;24;0.492484755
28;52;0.5769964088
28;60;0.7094340355
28;13;0.6765832251
28;106;0.6892525873
28;54;0.6765832251
28;101;0.6765832251
28;99;0.5641557344
28;58;0.6765832251
28;65;0.5191924019
28;66;0.5769964088
28;73;0.5641557344
28;30;0.6765832251
28;78;0.6765832251
28;81;0.6765832251
28;55;0.6316198925
28;62;0.5622132282
28;12;0.6765832251
56;29;0.6039643242
56;57;0.4523163217
56;90;0.7163918148
56;71;0.7163918148
56;92;0.6922353061
56;108;0.5952664045
56;41;0.5734417319
56;24;0.5322933447
56;52;0.4738549157
56;60;0.4610142413
56;13;0.5734417319
56;106;0.4408327932
56;54;0.7163918148
56;101;0.5330950804
56;99;0.4610142413
56;58;0.5734417319
56;65;0.3757042572
56;66;0.6168049986
56;73;0.4610142413
56;30;0.7163918148
56;78;0.7163918148
56;81;0.5734417319
56;55;0.5284783993
56;62;0.4590717351
56;12;0.7163918148
29;57;0.500196667
29;90;0.854721699
29;71;0.7642721602
29;92;0.6566726268
29;108;0.7884250509
29;41;0.6213220773
29;24;0.736151198
29;52;0.5217352611
29;60;0.8570499171
29;13;0.7117716161
29;106;0.6339914396
29;54;0.7642721602
29;101;0.5809754257
29;99;0.7117716161
29;58;0.6213220773
29;65;0.626461632
29;66;0.6646853439
29;73;0.7117716161
29;30;0.7642721602
29;78;0.7642721602
29;81;0.6213220773
29;55;0.5763587447
29;62;0.7098291099
29;12;0.7642721602
57;90;0.7151054105
57;71;0.7151054105
57;92;0.6909489019
57;108;0.5939800002
57;41;0.7151054105
57;24;0.5310069405
57;52;0.6155185943
57;60;0.7888451202
57;13;0.7412881609
57;106;0.5824964718
57;54;0.7151054105
57;101;0.8609259592
57;99;0.6026779199
57;58;0.9012726108
57;65;0.5435506862
57;66;0.6155185943
57;73;0.6288606703
57;30;0.7151054105
57;78;0.7151054105
57;81;0.7151054105
57;55;0.6701420779
57;62;0.6007354137
57;12;0.7151054105
90;71;0.7814080501
90;92;0.6657287344
90;108;0.6602826398
90;41;0.6384579672
90;24;0.753287088
90;52;0.538871151
90;60;0.6164800154
90;13;0.728907506
90;106;0.5058490285
90;54;0.9095504612
90;101;0.5981113157
90;99;0.6164800154
90;58;0.6384579672
90;65;0.5311700313
90;66;0.6818212339
90;73;0.6164800154
90;30;0.7814080501
90;78;0.9095504612
90;81;0.6384579672
90;55;0.5934946346
90;62;0.6145375092
90;12;0.7814080501
71;92;0.9758434914
71;108;0.8788745897
71;41;0.8570499171
71;24;0.81590153
71;52;0.7574631009
71;60;0.7446224265
71;13;0.8570499171
71;106;0.7244409784
71;54;1
71;101;0.8167032656
71;99;0.7446224265
71;58;0.8570499171
71;65;0.6593124424
71;66;0.9004131838
71;73;0.7446224265
71;30;1
71;78;1
71;81;0.8570499171
71;55;0.8120865845
71;62;0.7426799203
71;12;1
92;108;0.8788745897
92;41;0.8570499171
92;24;1
92;52;0.7574631009
92;60;0.8570499171
92;13;0.8570499171
92;106;0.7244409784
92;54;1
92;101;0.8167032656
92;99;0.8570499171
92;58;0.8570499171
92;65;0.771739933
92;66;0.9004131838
92;73;0.8570499171
92;30;1
92;78;1
92;81;0.8570499171
92;55;0.8120865845
92;62;0.8551074109
92;12;1
108;41;0.7117716161
108;24;0.6706232289
108;52;0.6121847999
108;60;0.7446224265
108;13;0.7117716161
108;106;0.7244409784
108;54;0.854721699
108;101;0.6714249645
108;99;0.5993441255
108;58;0.7117716161
108;65;0.5140341413
108;66;0.7551348827
108;73;0.5993441255
108;30;0.854721699
108;78;0.854721699
108;81;0.7117716161
108;55;0.6668082835
108;62;0.5974016193
108;12;0.854721699
41;24;0.6297343297
41;52;0.7142459835
41;60;0.7014053091
41;13;0.8138327997
41;106;0.681223861
41;54;0.8138327997
41;101;0.7734861481
41;99;0.7014053091
41;58;0.8138327997
41;65;0.6160953249
41;66;0.7142459835
41;73;0.7014053091
41;30;0.8138327997
41;78;0.8138327997
41;81;0.8138327997
41;55;0.7688694671
41;62;0.6994628029
41;12;0.8138327997
24;52;0.7574631009
24;60;0.7446224265
24;13;0.8570499171
24;106;0.7244409784
24;54;1
24;101;0.8167032656
24;99;0.7446224265
24;58;0.8570499171
24;65;0.6593124424
24;66;0.9004131838
24;73;0.7446224265
24;30;1
24;78;1
24;81;0.8570499171
24;55;0.8120865845
24;62;0.7426799203
24;12;1
52;60;0.8875725094
52;13;1
52;106;0.8673910613
52;54;1
52;101;0.9596533484
52;99;0.8875725094
52;58;1
52;65;0.7842891553
52;66;1
52;73;0.8875725094
52;30;1
52;78;1
52;81;1
52;55;0.9370632975
52;62;0.8856300032
52;12;1
60;13;0.5522154898
60;106;0.4744353133
60;54;0.461765951
60;101;0.6075864997
60;99;0.5522154898
60;58;0.6479331513
60;65;0.4669055056
60;66;0.3621791347
60;73;0.6685544987
60;30;0.461765951
60;78;0.461765951
60;81;0.461765951
60;55;0.4168026184
60;62;0.5502729836
60;12;0.461765951
13;106;0.750758772
13;54;0.8833677107
13;101;0.8430210592
13;99;0.8613897589
13;58;0.8833677107
13;65;0.8022625252
13;66;0.7837808945
13;73;0.8875725094
13;30;0.8833677107
13;78;0.8833677107
13;81;0.8833677107
13;55;0.8384043782
13;62;0.8594472527
13;12;0.8833677107
106;54;0.854721699
106;101;0.8143750474
106;99;0.7422942084
106;58;0.854721699
106;65;0.6569842242
106;66;0.7551348827
106;73;0.7422942084
106;30;0.854721699
106;78;0.854721699
106;81;0.854721699
106;55;0.8097583664
106;62;0.7422942084
106;12;0.854721699
54;101;0.6885608545
54;99;0.6164800154
54;58;0.728907506
54;65;0.5311700313
54;66;0.7722707727
54;73;0.6164800154
54;30;0.8718575889
54;78;1
54;81;0.728907506
54;55;0.6839441735
54;62;0.6145375092
54;12;0.8718575889
101;99;0.8426091768
101;58;0.9489627467
101;65;0.7976458442
101;66;0.8554498512
101;73;0.8426091768
101;30;0.9550366674
101;78;0.9550366674
101;81;0.9550366674
101;55;0.9100733348
101;62;0.8406666706
101;12;0.9550366674
99;58;0.9095504612
99;65;0.9146900158
99;66;0.809963645
99;73;1
99;30;0.9095504612
99;78;0.9095504612
99;81;0.9095504612
99;55;0.8645871286
99;62;0.9980574938
99;12;0.9095504612
58;65;0.6160953249
58;66;0.7142459835
58;73;0.7014053091
58;30;0.8138327997
58;78;0.8138327997
58;81;0.8138327997
58;55;0.7688694671
58;62;0.6994628029
58;12;0.8138327997
65;66;0.7599262694
65;73;0.8765585587
65;30;0.7599262694
65;78;0.7599262694
65;81;0.7599262694
65;55;0.8105050159
65;62;0.848433302
65;12;0.7599262694
66;73;0.7446224265
66;30;1
66;78;1
66;81;0.8570499171
66;55;0.7941132146
66;62;0.7426799203
66;12;1
73;30;0.5813629401
73;78;0.5813629401
73;81;0.5813629401
73;55;0.5363996075
73;62;0.6698699727
73;12;0.5813629401
30;78;1
30;81;0.8570499171
30;55;0.8120865845
30;62;0.7426799203
30;12;1
78;81;0.728907506
78;55;0.6839441735
78;62;0.6145375092
78;12;0.8718575889
81;55;0.9550366674
81;62;0.8856300032
81;12;1
55;62;0.8350512568
55;12;0.9494212536
62;12;0.9095504612
