diversityTrend,id,initVariability,intelligibility,languageDiversity,languageSize,memoryImpedance,mutationRate,populationSize,semanticSize,smoothedDiversity,smoothedIntelligibility,understandingThreshold,wanderingRadius
0.007775814984393593,0,0.1,0.58,9.104598321628458,126.0,1.0,0.3,50.0,20.0,8.313670539664685,0.6399999999999997,0.05,50.0
0.006262431877059416,0,0.1,0.66,8.205253862281587,114.0,1.0,0.3,50.0,20.0,7.835740975269162,0.6903999999999999,0.05,50.0
0.006419586345145233,0,0.1,0.66,6.975740403486126,101.0,1.0,0.3,50.0,20.0,7.0527689096626025,0.7044000000000002,0.05,50.0
0.007245714455680104,0,0.1,0.82,7.285440507189721,110.0,1.0,0.3,50.0,20.0,7.4212777432318955,0.7726,0.05,50.0
0.008352845191564503,0,0.1,0.82,8.12591417275047,104.0,1.0,0.3,50.0,20.0,8.011177878758144,0.6881999999999998,0.05,50.0
0.012390513780041605,0,0.1,0.7,11.924611614396422,131.0,1.0,0.3,50.0,20.0,12.13971453951105,0.7060000000000002,0.05,50.0
0.006824095956448109,0,0.1,0.64,7.950285636376398,109.0,1.0,0.3,50.0,20.0,7.251606593873488,0.6731999999999997,0.05,50.0
0.009354385325450833,0,0.1,0.64,10.880504390943091,122.0,1.0,0.3,50.0,20.0,9.74887821684787,0.6952000000000003,0.05,50.0
0.011305919944750255,0,0.1,0.64,11.553454783734384,123.0,1.0,0.3,50.0,20.0,11.653111453201841,0.6522000000000002,0.05,50.0
0.008578902748544174,0,0.1,0.76,10.47129133378377,127.0,1.0,0.3,50.0,20.0,9.614038516770044,0.6599999999999996,0.05,50.0
0.00744510146709475,0,0.1,0.7,9.587296201611538,129.0,1.0,0.3,50.0,20.0,9.2672474439691,0.6734000000000003,0.05,50.0
0.006572755017517462,0,0.1,0.72,8.227567221943039,106.0,1.0,0.3,50.0,20.0,7.746500619801964,0.6969999999999996,0.05,50.0
0.00861309203352233,0,0.1,0.74,10.74624826917666,113.0,1.0,0.3,50.0,20.0,9.53775971902861,0.7573999999999995,0.05,50.0
0.006179818928412797,0,0.1,0.76,8.244635835178693,114.0,1.0,0.3,50.0,20.0,7.3490818853494,0.7362000000000003,0.05,50.0
0.007187630673077041,0,0.1,0.7,7.638287738896712,109.0,1.0,0.3,50.0,20.0,7.6898467818119,0.7517999999999999,0.05,50.0
0.0069713095090165825,0,0.1,0.68,9.4282951479387,106.0,1.0,0.3,50.0,20.0,8.594955435203097,0.7806000000000004,0.05,50.0
0.01047926452293558,0,0.1,0.66,11.237830678917254,121.0,1.0,0.3,50.0,20.0,10.610127760454208,0.6746000000000002,0.05,50.0
0.009309370858408089,0,0.1,0.54,10.830717307877611,122.0,1.0,0.3,50.0,20.0,10.56983665949306,0.6169999999999999,0.05,50.0
0.005538963007323829,0,0.1,0.76,6.236173875725776,109.0,1.0,0.3,50.0,20.0,5.664193122710412,0.7377999999999996,0.05,50.0
0.012619721535872616,0,0.1,0.66,13.055767939233878,130.0,1.0,0.3,50.0,20.0,12.208729340349365,0.6969999999999998,0.05,50.0
0.006173750234919773,0,0.1,0.72,6.441619087411894,119.0,1.0,0.3,50.0,20.0,6.52183172630804,0.723,0.05,50.0
0.012256475580985266,0,0.1,0.6,13.556749756980652,118.0,1.0,0.3,50.0,20.0,12.602870457196056,0.6953999999999999,0.05,50.0
0.00924282894875062,0,0.1,0.64,8.540789853433411,112.0,1.0,0.3,50.0,20.0,9.638321877262038,0.7137999999999998,0.05,50.0
0.00829181853492228,0,0.1,0.72,8.574107350832405,108.0,1.0,0.3,50.0,20.0,9.516767730279598,0.7249999999999998,0.05,50.0
0.010138493448834364,0,0.1,0.7,11.306042054274222,129.0,1.0,0.3,50.0,20.0,9.967593350415699,0.6830000000000002,0.05,50.0
0.008084990227512112,11,0.1,0.96,10.286730241668534,131.0,1.0,0.3,50.0,20.0,9.852545978494295,0.9173999999999992,0.1,175.0
0.009273465986171014,11,0.1,0.88,12.095188955200621,125.0,1.0,0.3,50.0,20.0,10.796469834306583,0.8662000000000002,0.1,175.0
0.008714111170695087,11,0.1,0.92,11.383681524465302,127.0,1.0,0.3,50.0,20.0,10.19184108249457,0.8930000000000001,0.1,175.0
0.007964091869050196,11,0.1,0.94,8.045703103596168,132.0,1.0,0.3,50.0,20.0,8.067857795394922,0.954399999999999,0.1,175.0
0.007205933441286686,11,0.1,0.9,8.167979046315725,112.0,1.0,0.3,50.0,20.0,8.261702338352668,0.8870000000000003,0.1,175.0
0.00610859569559116,11,0.1,0.88,7.878997216202415,129.0,1.0,0.3,50.0,20.0,7.658199071198394,0.8898,0.1,175.0
0.009429455885345163,11,0.1,0.94,10.412463754606417,134.0,1.0,0.3,50.0,20.0,10.072343517361984,0.8952000000000002,0.1,175.0
0.012009528856130193,11,0.1,0.84,12.652360070724594,147.0,1.0,0.3,50.0,20.0,11.763266703292022,0.9018000000000008,0.1,175.0
0.010920418308296112,11,0.1,0.94,11.175494409362317,132.0,1.0,0.3,50.0,20.0,10.586994930315337,0.9436000000000003,0.1,175.0
0.009529744114179756,11,0.1,0.92,11.471588136060245,140.0,1.0,0.3,50.0,20.0,10.542166525150687,0.9312000000000001,0.1,175.0
0.00895823374523793,11,0.1,0.96,11.108987412161227,146.0,1.0,0.3,50.0,20.0,10.22010089663623,0.9093999999999993,0.1,175.0
0.008405822583118394,11,0.1,0.96,8.008958037185387,130.0,1.0,0.3,50.0,20.0,8.114509014303092,0.9421999999999994,0.1,175.0
0.012381572658571826,11,0.1,0.92,12.479046839221045,140.0,1.0,0.3,50.0,20.0,11.956903059314707,0.9056000000000001,0.1,175.0
0.010423654275883865,11,0.1,0.9,11.159037659387993,126.0,1.0,0.3,50.0,20.0,10.499838929642356,0.8920000000000008,0.1,175.0
0.011499481745845426,11,0.1,0.9,10.960637118859907,122.0,1.0,0.3,50.0,20.0,10.577814518080531,0.9258000000000008,0.1,175.0
0.00795205267461163,11,0.1,0.9,8.462146507248441,115.0,1.0,0.3,50.0,20.0,7.7010462047031725,0.9114000000000001,0.1,175.0
0.011363257922066095,11,0.1,0.9,10.904719934603005,149.0,1.0,0.3,50.0,20.0,10.767516613838927,0.8396000000000007,0.1,175.0
0.01057782914313935,11,0.1,0.92,10.024815973573395,143.0,1.0,0.3,50.0,20.0,10.339472720148219,0.8474000000000003,0.1,175.0
0.010336274286641207,11,0.1,0.88,10.985101319349322,136.0,1.0,0.3,50.0,20.0,11.141521192762543,0.9114000000000004,0.1,175.0
0.015791948554847706,11,0.1,0.86,14.767144181725245,167.0,1.0,0.3,50.0,20.0,14.521021789832533,0.8342000000000003,0.1,175.0
0.011498349435299586,11,0.1,0.94,13.279095270263916,139.0,1.0,0.3,50.0,20.0,13.32796292711101,0.9310000000000005,0.1,175.0
0.012580737244160062,11,0.1,0.76,12.850440408650334,135.0,1.0,0.3,50.0,20.0,12.518815185662016,0.8072000000000003,0.1,175.0
0.014536953511105078,11,0.1,0.82,14.736988536529523,153.0,1.0,0.3,50.0,20.0,13.770395887993214,0.8203999999999995,0.1,175.0
0.014663157365975274,11,0.1,0.86,14.721566170845074,148.0,1.0,0.3,50.0,20.0,14.384003162487234,0.8701999999999999,0.1,175.0
0.012167641975993244,11,0.1,0.84,11.678381735158736,126.0,1.0,0.3,50.0,20.0,11.67653228009346,0.8643999999999994,0.1,175.0
0.013822412981723283,11,0.1,0.88,13.285388372024718,138.0,1.0,0.3,50.0,20.0,13.372510672682568,0.8961999999999998,0.1,175.0
0.011589204561329556,11,0.1,0.96,11.47252710737673,133.0,1.0,0.3,50.0,20.0,11.705088785799074,0.9126000000000005,0.1,175.0
0.010886357010693536,11,0.1,0.74,12.607167605449616,151.0,1.0,0.3,50.0,20.0,11.820867866202637,0.8410000000000005,0.1,175.0
0.006296063810080116,11,0.1,0.9,7.08653167712345,116.0,1.0,0.3,50.0,20.0,6.773350038914794,0.8934000000000007,0.1,175.0
0.013625055440616938,11,0.1,0.86,13.798551552445488,138.0,1.0,0.3,50.0,20.0,13.310738579708845,0.9145999999999997,0.1,175.0
0.01073463924485622,11,0.1,0.86,13.768292168164235,152.0,1.0,0.3,50.0,20.0,13.036788581835081,0.8692000000000002,0.1,175.0
0.007944469038553467,11,0.1,0.86,9.782466009320418,139.0,1.0,0.3,50.0,20.0,9.179912743229668,0.8968000000000004,0.1,175.0
0.009387781907570896,11,0.1,0.86,11.807124357523861,141.0,1.0,0.3,50.0,20.0,11.778107995747234,0.8742000000000002,0.1,175.0
0.008950833947244535,11,0.1,0.92,9.52984362174186,127.0,1.0,0.3,50.0,20.0,9.589230324062617,0.8922,0.1,175.0
0.008371186430199663,11,0.1,0.92,9.982402972588542,126.0,1.0,0.3,50.0,20.0,10.241824750153839,0.9609999999999999,0.1,175.0
0.013999995661340055,11,0.1,0.88,13.811132105134883,154.0,1.0,0.3,50.0,20.0,12.734434863227609,0.8735999999999997,0.1,175.0
0.012946051859387736,11,0.1,0.8,11.68263542739895,150.0,1.0,0.3,50.0,20.0,12.05771574171132,0.8279999999999994,0.1,175.0
0.009517337878385972,11,0.1,0.88,10.068121706046092,129.0,1.0,0.3,50.0,20.0,9.270007077159946,0.9390000000000001,0.1,175.0
0.011051725142581834,11,0.1,0.84,11.698240259453076,143.0,1.0,0.3,50.0,20.0,10.599093952777844,0.8379999999999996,0.1,175.0
0.008487538734170358,11,0.1,0.88,8.755618231578334,132.0,1.0,0.3,50.0,20.0,8.687005012164281,0.8977999999999997,0.1,175.0
0.012073345946418037,11,0.1,0.88,11.45670868918981,137.0,1.0,0.3,50.0,20.0,11.495621535305299,0.8772,0.1,175.0
0.009268618976566992,11,0.1,0.9,8.724087846896364,141.0,1.0,0.3,50.0,20.0,8.924221052445832,0.8862000000000003,0.1,175.0
0.010461413395400547,11,0.1,0.9,10.752048747761506,129.0,1.0,0.3,50.0,20.0,10.246954760549489,0.8664000000000004,0.1,175.0
0.009993561165538602,11,0.1,0.82,10.707518119534527,125.0,1.0,0.3,50.0,20.0,10.937367270605394,0.9256000000000006,0.1,175.0
0.015111090578731745,11,0.1,0.84,12.743763310142114,126.0,1.0,0.3,50.0,20.0,13.888733621183505,0.8608000000000006,0.1,175.0
0.007099676635455328,11,0.1,0.86,8.369186614859666,130.0,1.0,0.3,50.0,20.0,8.192994156044493,0.9020000000000006,0.1,175.0
0.01195759531205242,11,0.1,0.94,9.70833294257014,136.0,1.0,0.3,50.0,20.0,10.216452631678328,0.9088000000000003,0.1,175.0
0.010714819010580105,11,0.1,0.76,11.098986463832608,128.0,1.0,0.3,50.0,20.0,11.290104733501131,0.8490000000000001,0.1,175.0
0.012132326684603059,11,0.1,0.82,12.785009977421847,150.0,1.0,0.3,50.0,20.0,12.434031111984545,0.8501999999999994,0.1,175.0
0.011960623203887822,11,0.1,0.8,13.082025101989924,145.0,1.0,0.3,50.0,20.0,12.650916684568529,0.8687999999999998,0.1,175.0
0.00846941352480968,10,0.1,0.86,7.76290253265415,119.0,1.0,0.3,50.0,20.0,8.080079404137638,0.8768000000000008,0.1,150.0
0.00992542646661392,10,0.1,0.92,10.8869098779897,130.0,1.0,0.3,50.0,20.0,10.682278963803224,0.8892000000000005,0.1,150.0
0.012089142343166699,10,0.1,0.84,12.573802717341566,142.0,1.0,0.3,50.0,20.0,12.205647100689218,0.8742000000000004,0.1,150.0
0.0072896414953397565,10,0.1,0.84,6.866068018593209,124.0,1.0,0.3,50.0,20.0,6.964035099274067,0.8844000000000007,0.1,150.0
0.010002341548578412,10,0.1,0.96,11.911361036238171,143.0,1.0,0.3,50.0,20.0,11.086092951340804,0.9047999999999994,0.1,150.0
0.012886869965725063,10,0.1,0.94,13.215774910261548,131.0,1.0,0.3,50.0,20.0,13.14994340305951,0.8814000000000006,0.1,150.0
0.00781666481242211,10,0.1,0.8,9.605903382254132,123.0,1.0,0.3,50.0,20.0,8.70469177787862,0.8838000000000001,0.1,150.0
0.006222714835643753,10,0.1,0.9,7.841966930315952,121.0,1.0,0.3,50.0,20.0,7.535491839374492,0.9368000000000001,0.1,150.0
0.00914353490145356,10,0.1,0.84,11.037603790668854,133.0,1.0,0.3,50.0,20.0,11.016417535612112,0.8970000000000004,0.1,150.0
0.009339638245714599,10,0.1,0.86,8.925556790532506,144.0,1.0,0.3,50.0,20.0,8.928046484746284,0.87,0.1,150.0
0.010529384870869112,10,0.1,0.84,11.21092832719455,118.0,1.0,0.3,50.0,20.0,11.19900883114012,0.9061999999999999,0.1,150.0
0.013615761390867214,10,0.1,0.82,13.672940072110244,147.0,1.0,0.3,50.0,20.0,14.169962868115936,0.8962,0.1,150.0
0.0076558458038278755,10,0.1,0.98,8.944054301928004,127.0,1.0,0.3,50.0,20.0,8.422589809707178,0.9166000000000003,0.1,150.0
0.0076472662093149246,10,0.1,0.94,6.951857598468567,133.0,1.0,0.3,50.0,20.0,7.441696660537094,0.9521999999999993,0.1,150.0
0.008363290248555848,10,0.1,0.92,9.223328454342449,147.0,1.0,0.3,50.0,20.0,8.933131979658995,0.9026,0.1,150.0
0.007678757585301562,10,0.1,0.9,8.469038901746481,128.0,1.0,0.3,50.0,20.0,8.010114476435568,0.9250000000000003,0.1,150.0
0.012741685995809411,10,0.1,0.8,14.267745507494688,139.0,1.0,0.3,50.0,20.0,13.512746969278515,0.8143999999999992,0.1,150.0
0.01025024042891751,10,0.1,0.86,11.961334673188174,143.0,1.0,0.3,50.0,20.0,12.024779950104424,0.8547999999999999,0.1,150.0
0.010223776097597928,10,0.1,0.9,10.390433171589128,122.0,1.0,0.3,50.0,20.0,10.330388172180417,0.9011999999999994,0.1,150.0
0.011647574225866208,10,0.1,0.9,12.693076334380468,140.0,1.0,0.3,50.0,20.0,12.399971224293171,0.9188000000000006,0.1,150.0
0.009061875501830477,10,0.1,0.9,11.463990732633626,132.0,1.0,0.3,50.0,20.0,10.444941458276858,0.8691999999999999,0.1,150.0
0.01064326741398489,10,0.1,0.88,11.249599690070873,124.0,1.0,0.3,50.0,20.0,11.145513696544407,0.9086000000000003,0.1,150.0
0.0075621344590538365,10,0.1,0.84,9.458942908412931,141.0,1.0,0.3,50.0,20.0,9.110495553726683,0.8854,0.1,150.0
0.010616908778710903,10,0.1,0.88,10.49309219111772,129.0,1.0,0.3,50.0,20.0,11.170709749108253,0.8569999999999999,0.1,150.0
0.012528853090614378,10,0.1,0.86,12.1673914638652,139.0,1.0,0.3,50.0,20.0,12.117966259420056,0.8662000000000001,0.1,150.0
0.011243634076833339,10,0.1,0.86,10.7058762214369,132.0,1.0,0.3,50.0,20.0,10.366427424936383,0.9164000000000008,0.1,150.0
0.013392752467196026,10,0.1,0.88,13.114844741449497,136.0,1.0,0.3,50.0,20.0,12.185742916046772,0.8928,0.1,150.0
0.010995005643799101,10,0.1,0.88,11.562100575989815,154.0,1.0,0.3,50.0,20.0,11.534866131471471,0.8582,0.1,150.0
0.011788459653516539,10,0.1,0.78,11.532609515982061,140.0,1.0,0.3,50.0,20.0,11.936316038702218,0.8301999999999999,0.1,150.0
0.011707900835440993,10,0.1,0.88,11.981808091538754,136.0,1.0,0.3,50.0,20.0,11.99158851038181,0.8768,0.1,150.0
0.007655126197122163,10,0.1,0.94,8.58628334438172,124.0,1.0,0.3,50.0,20.0,8.233384422723573,0.8762000000000002,0.1,150.0
0.0077894754311899905,10,0.1,0.88,9.114092291276316,137.0,1.0,0.3,50.0,20.0,8.847116149509826,0.8746,0.1,150.0
0.009787025446904934,10,0.1,0.82,11.327289922341127,133.0,1.0,0.3,50.0,20.0,10.885881917456185,0.9243999999999994,0.1,150.0
0.012963408546673095,10,0.1,0.88,12.682729654857278,131.0,1.0,0.3,50.0,20.0,12.059653444602572,0.8892000000000008,0.1,150.0
0.010588750961722872,10,0.1,0.9,11.059537704292033,128.0,1.0,0.3,50.0,20.0,10.745346905175495,0.9372000000000001,0.1,150.0
0.008618324152888398,10,0.1,0.94,9.13013956981368,124.0,1.0,0.3,50.0,20.0,9.157993964909112,0.924600000000001,0.1,150.0
0.0077595746604242465,10,0.1,0.96,7.645298419893126,115.0,1.0,0.3,50.0,20.0,7.561012006852078,0.9709999999999986,0.1,150.0
0.007512637431733563,10,0.1,0.88,7.402489278359938,124.0,1.0,0.3,50.0,20.0,6.639972413557699,0.8858000000000007,0.1,150.0
0.00778978553351521,10,0.1,0.92,9.938683614222743,132.0,1.0,0.3,50.0,20.0,9.237897790321567,0.9144,0.1,150.0
0.010983831254173853,10,0.1,0.78,10.407850608176139,130.0,1.0,0.3,50.0,20.0,10.604291934021475,0.8970000000000005,0.1,150.0
0.012820918064005505,10,0.1,0.9,12.183637888344721,149.0,1.0,0.3,50.0,20.0,12.779523873524054,0.8420000000000002,0.1,150.0
0.011298432234303133,10,0.1,0.88,10.918221823017097,134.0,1.0,0.3,50.0,20.0,11.15763170681839,0.8897999999999999,0.1,150.0
0.011686329003166436,10,0.1,0.86,12.193953991567275,132.0,1.0,0.3,50.0,20.0,12.57019376577947,0.884,0.1,150.0
0.011506865762823454,10,0.1,0.92,10.404479922380952,121.0,1.0,0.3,50.0,20.0,10.773988271141047,0.922000000000001,0.1,150.0
0.0039950931493721396,10,0.1,0.96,6.22330191825216,117.0,1.0,0.3,50.0,20.0,5.606761923248863,0.931999999999999,0.1,150.0
0.01125457765079559,10,0.1,0.94,11.227040499847083,118.0,1.0,0.3,50.0,20.0,10.962211095004031,0.914,0.1,150.0
0.010627800588940955,10,0.1,0.86,10.198374331323757,131.0,1.0,0.3,50.0,20.0,10.05313335661797,0.9055999999999997,0.1,150.0
0.007583613469715833,10,0.1,0.88,9.458355420010706,136.0,1.0,0.3,50.0,20.0,9.17613626210434,0.9316000000000002,0.1,150.0
0.007873092989187685,10,0.1,0.94,9.543988113175288,127.0,1.0,0.3,50.0,20.0,9.129032824145675,0.9178000000000003,0.1,150.0
0.01311845802027214,10,0.1,0.94,13.328899514133639,149.0,1.0,0.3,50.0,20.0,12.915146390654645,0.8896000000000004,0.1,150.0
0.01088950404477446,9,0.1,0.78,11.988090504699326,135.0,1.0,0.3,50.0,20.0,10.891437512592729,0.8936000000000003,0.1,125.0
0.009636662281822498,9,0.1,0.88,10.357115435462138,128.0,1.0,0.3,50.0,20.0,9.177891578555096,0.9198000000000002,0.1,125.0
0.01108933451734946,9,0.1,0.92,11.836794176508207,133.0,1.0,0.3,50.0,20.0,11.250019427056893,0.8952000000000002,0.1,125.0
0.005854162165265565,9,0.1,0.94,7.9639755842328555,112.0,1.0,0.3,50.0,20.0,7.319221778932995,0.9228000000000002,0.1,125.0
0.01259717965729109,9,0.1,0.98,11.448065239338213,123.0,1.0,0.3,50.0,20.0,12.59575117613617,0.9093999999999999,0.1,125.0
0.010737474804713053,9,0.1,0.84,11.612491163304961,137.0,1.0,0.3,50.0,20.0,11.200418838860793,0.8613999999999998,0.1,125.0
0.009017822850562351,9,0.1,0.9,8.13637915499005,118.0,1.0,0.3,50.0,20.0,8.472448240214446,0.9026,0.1,125.0
0.00886527987378219,9,0.1,0.84,8.84829465765914,138.0,1.0,0.3,50.0,20.0,8.360478751463456,0.8458,0.1,125.0
0.013027694035503199,9,0.1,0.9,13.228187468123139,134.0,1.0,0.3,50.0,20.0,12.860502798543436,0.8702,0.1,125.0
0.016226846726626595,9,0.1,0.86,15.1549634993434,154.0,1.0,0.3,50.0,20.0,15.088901633307303,0.8071999999999997,0.1,125.0
0.006107273088881323,9,0.1,0.86,7.506388473758875,110.0,1.0,0.3,50.0,20.0,6.386715158828746,0.9585999999999987,0.1,125.0
0.007393557392781706,9,0.1,0.92,8.16308041001356,124.0,1.0,0.3,50.0,20.0,8.098568421493944,0.9411999999999996,0.1,125.0
0.005644257076210211,9,0.1,0.88,6.401013595106697,119.0,1.0,0.3,50.0,20.0,6.254456719572767,0.8890000000000005,0.1,125.0
0.010673983233677558,9,0.1,0.9,11.793275670456932,137.0,1.0,0.3,50.0,20.0,11.03970379476673,0.8854000000000003,0.1,125.0
0.005820201148808744,9,0.1,0.94,6.289515279670857,133.0,1.0,0.3,50.0,20.0,6.498752310710028,0.9078000000000008,0.1,125.0
0.007968185816073307,9,0.1,0.92,9.003204000907981,127.0,1.0,0.3,50.0,20.0,8.355441032395534,0.8978000000000005,0.1,125.0
0.007968849021646213,9,0.1,0.86,8.087237538049273,132.0,1.0,0.3,50.0,20.0,7.809521734360722,0.8924000000000001,0.1,125.0
0.009749898399935796,9,0.1,0.88,10.090798517389905,134.0,1.0,0.3,50.0,20.0,9.816033002167565,0.9105999999999994,0.1,125.0
0.005680805409824568,9,0.1,0.9,6.549466792898477,128.0,1.0,0.3,50.0,20.0,6.2669783885978845,0.8996000000000004,0.1,125.0
0.007832711384820732,9,0.1,0.9,8.982261623519214,126.0,1.0,0.3,50.0,20.0,7.765738529550448,0.9066000000000008,0.1,125.0
0.01295515977513605,9,0.1,0.88,13.571865613187025,132.0,1.0,0.3,50.0,20.0,13.45543422147922,0.8955999999999998,0.1,125.0
0.007982412594607639,9,0.1,0.88,9.04704394559876,125.0,1.0,0.3,50.0,20.0,8.690381761006382,0.8918000000000003,0.1,125.0
0.00938957499953352,9,0.1,0.94,9.147971364227214,120.0,1.0,0.3,50.0,20.0,9.418440509530138,0.9309999999999995,0.1,125.0
0.011195755605292826,9,0.1,0.88,10.835412564652959,132.0,1.0,0.3,50.0,20.0,10.301769150565326,0.916,0.1,125.0
0.009691413896410228,9,0.1,0.92,10.994675843664057,121.0,1.0,0.3,50.0,20.0,10.117984076642898,0.9478000000000002,0.1,125.0
0.007223970408789418,9,0.1,0.96,9.069336546277631,122.0,1.0,0.3,50.0,20.0,8.904701766881107,0.9473999999999989,0.1,125.0
0.009611982589275607,9,0.1,0.86,9.742088811468719,136.0,1.0,0.3,50.0,20.0,8.75523564908829,0.8776000000000007,0.1,125.0
0.009318656574396515,9,0.1,0.88,7.99296222085586,135.0,1.0,0.3,50.0,20.0,8.691215325711765,0.8973999999999996,0.1,125.0
0.01184422915525341,9,0.1,0.8,11.212215350172494,143.0,1.0,0.3,50.0,20.0,11.728055423742582,0.8314,0.1,125.0
0.005666100688251584,9,0.1,0.92,6.335912021850238,114.0,1.0,0.3,50.0,20.0,6.367222454470282,0.9431999999999999,0.1,125.0
0.010545001875947847,9,0.1,0.9,10.087299877571116,134.0,1.0,0.3,50.0,20.0,10.49706807386277,0.9284000000000006,0.1,125.0
0.012485231160560646,9,0.1,0.76,13.241710347779932,137.0,1.0,0.3,50.0,20.0,12.742154617069874,0.8045999999999998,0.1,125.0
0.011371514680187628,9,0.1,0.84,12.170436286271528,116.0,1.0,0.3,50.0,20.0,11.36706294553192,0.8478,0.1,125.0
0.012263530238445366,9,0.1,0.9,12.8093699168098,124.0,1.0,0.3,50.0,20.0,12.742377159597588,0.9136000000000009,0.1,125.0
0.010583305212217686,9,0.1,0.9,11.025969558863798,132.0,1.0,0.3,50.0,20.0,9.907798410262462,0.9179999999999993,0.1,125.0
0.012713526419073917,9,0.1,0.8,12.824216361697244,132.0,1.0,0.3,50.0,20.0,12.068682708828362,0.8874000000000005,0.1,125.0
0.006351619840634726,9,0.1,0.88,7.691547133524583,121.0,1.0,0.3,50.0,20.0,7.537442929476775,0.9124,0.1,125.0
0.010442978153691043,9,0.1,0.88,9.394593740558815,139.0,1.0,0.3,50.0,20.0,9.522073207428503,0.9081999999999995,0.1,125.0
0.00953426219267568,9,0.1,0.86,10.666256716491427,135.0,1.0,0.3,50.0,20.0,10.327883348960679,0.8732000000000001,0.1,125.0
0.01107696667223831,9,0.1,0.8,11.466863386610852,115.0,1.0,0.3,50.0,20.0,11.621713069937748,0.8995999999999996,0.1,125.0
0.00940625505958142,9,0.1,0.82,10.353060405852776,128.0,1.0,0.3,50.0,20.0,9.692961577572486,0.8957999999999997,0.1,125.0
0.013171297322365447,9,0.1,0.82,14.039821140555489,141.0,1.0,0.3,50.0,20.0,13.134547307880721,0.8248000000000004,0.1,125.0
0.007233437049323003,9,0.1,0.94,7.718640695546123,124.0,1.0,0.3,50.0,20.0,7.615153537289474,0.9082000000000007,0.1,125.0
0.006577221732754934,9,0.1,0.94,8.58974151225585,117.0,1.0,0.3,50.0,20.0,8.119916686203723,0.9251999999999998,0.1,125.0
0.008119213740530177,9,0.1,0.96,9.732147305287462,116.0,1.0,0.3,50.0,20.0,9.089848445323465,0.9373999999999991,0.1,125.0
0.010037209430852116,9,0.1,0.86,10.256772276035804,125.0,1.0,0.3,50.0,20.0,9.91284287784,0.8852000000000004,0.1,125.0
0.006959086100406861,9,0.1,0.88,7.829358185891589,132.0,1.0,0.3,50.0,20.0,7.585290894043087,0.8900000000000002,0.1,125.0
0.010849580450094149,9,0.1,0.96,9.948516529057954,116.0,1.0,0.3,50.0,20.0,10.019766166347015,0.9205999999999998,0.1,125.0
0.01145988985160052,9,0.1,0.86,13.324439980518854,131.0,1.0,0.3,50.0,20.0,11.822053359837774,0.8758000000000001,0.1,125.0
0.008955144627878752,9,0.1,0.86,12.352564246906919,134.0,1.0,0.3,50.0,20.0,11.371450634611188,0.8974000000000004,0.1,125.0
0.007109314322398843,8,0.1,0.9,7.362352421768725,114.0,1.0,0.3,50.0,20.0,6.648183118392653,0.9161999999999996,0.1,100.0
0.011856289677373915,8,0.1,0.9,10.024831826634488,132.0,1.0,0.3,50.0,20.0,10.543163819209445,0.899,0.1,100.0
0.005546802069953698,8,0.1,0.94,6.85939094917867,121.0,1.0,0.3,50.0,20.0,6.897227370822703,0.9211999999999995,0.1,100.0
0.005416303561477133,8,0.1,0.92,5.950103944906507,116.0,1.0,0.3,50.0,20.0,6.278614484595946,0.9076000000000011,0.1,100.0
0.008408804311753912,8,0.1,0.9,9.996399544720017,125.0,1.0,0.3,50.0,20.0,9.296678984036982,0.9158,0.1,100.0
0.008256028844991204,8,0.1,0.84,10.754172791709943,139.0,1.0,0.3,50.0,20.0,10.051644065164037,0.9031999999999999,0.1,100.0
0.013996990309737242,8,0.1,0.9,14.157327917004585,142.0,1.0,0.3,50.0,20.0,14.059543415952007,0.8680000000000007,0.1,100.0
0.006686659270543918,8,0.1,0.92,10.207366468135652,109.0,1.0,0.3,50.0,20.0,9.587831257319923,0.899400000000001,0.1,100.0
0.010423814607048287,8,0.1,0.88,11.391350288961759,121.0,1.0,0.3,50.0,20.0,11.189132780564687,0.9117999999999996,0.1,100.0
0.00856228625400008,8,0.1,0.88,9.11662346506994,111.0,1.0,0.3,50.0,20.0,8.8235171653327,0.9368000000000001,0.1,100.0
0.0071270737342422385,8,0.1,0.92,8.434104763204884,118.0,1.0,0.3,50.0,20.0,7.852740760231807,0.9529999999999995,0.1,100.0
0.00841673758795455,8,0.1,0.8,9.228936439030841,114.0,1.0,0.3,50.0,20.0,8.943775498370268,0.8563999999999997,0.1,100.0
0.008266261244505631,8,0.1,0.96,10.50205767030098,115.0,1.0,0.3,50.0,20.0,9.229048158728062,0.9163999999999998,0.1,100.0
0.010340658306812014,8,0.1,0.8,12.002388716869865,126.0,1.0,0.3,50.0,20.0,11.308427795473083,0.8991999999999999,0.1,100.0
0.009172217665987517,8,0.1,0.92,8.814341295154819,121.0,1.0,0.3,50.0,20.0,9.098159884047977,0.9114000000000008,0.1,100.0
0.00963562037700525,8,0.1,0.88,10.867531325935065,123.0,1.0,0.3,50.0,20.0,10.817323736803393,0.8714000000000007,0.1,100.0
0.007488743966418739,8,0.1,0.88,7.170048220232883,128.0,1.0,0.3,50.0,20.0,7.18542182049876,0.8735999999999996,0.1,100.0
0.008507209093222504,8,0.1,0.92,10.26494808448168,135.0,1.0,0.3,50.0,20.0,9.624117520070689,0.9248000000000001,0.1,100.0
0.010452640838271604,8,0.1,0.9,10.838169594079305,130.0,1.0,0.3,50.0,20.0,10.1523028846528,0.8716000000000002,0.1,100.0
0.010352588162589375,8,0.1,0.98,10.64424017439207,112.0,1.0,0.3,50.0,20.0,9.907383729519614,0.9109999999999997,0.1,100.0
0.00972954788877286,8,0.1,0.92,10.20414090795132,128.0,1.0,0.3,50.0,20.0,9.738860047832095,0.9047999999999999,0.1,100.0
0.006753142792046036,8,0.1,0.88,9.023845076026662,115.0,1.0,0.3,50.0,20.0,8.342106501249297,0.9253999999999998,0.1,100.0
0.008016261028772235,8,0.1,0.9,9.556822973938322,110.0,1.0,0.3,50.0,20.0,9.332010977598122,0.8891999999999999,0.1,100.0
0.007155614118700492,8,0.1,0.98,8.460410303005744,102.0,1.0,0.3,50.0,20.0,8.528410734730421,0.9072,0.1,100.0
0.011660377692129189,8,0.1,0.9,12.576983984554213,136.0,1.0,0.3,50.0,20.0,12.404046167003035,0.8686,0.1,100.0
0.005646874194166972,8,0.1,0.92,7.372266563501027,118.0,1.0,0.3,50.0,20.0,6.926775728334893,0.9016000000000004,0.1,100.0
0.013217732820745915,8,0.1,0.9,13.695118948152967,137.0,1.0,0.3,50.0,20.0,13.06414602885454,0.8636000000000001,0.1,100.0
0.00866616912657024,8,0.1,0.94,9.471111644375602,125.0,1.0,0.3,50.0,20.0,9.620884515157048,0.8768000000000004,0.1,100.0
0.007821147819433953,8,0.1,0.96,8.95024490462111,109.0,1.0,0.3,50.0,20.0,8.156989260722098,0.8968000000000005,0.1,100.0
0.009708963990679742,8,0.1,0.9,10.933926593308422,130.0,1.0,0.3,50.0,20.0,10.93327622160145,0.8820000000000005,0.1,100.0
0.006922033012303785,8,0.1,0.94,6.474930988438439,121.0,1.0,0.3,50.0,20.0,6.756996751270167,0.9138000000000006,0.1,100.0
0.006974558142339817,8,0.1,0.92,10.04121688713697,119.0,1.0,0.3,50.0,20.0,9.147632830674148,0.9384000000000005,0.1,100.0
0.0035153575977468813,8,0.1,0.92,5.473191313594017,105.0,1.0,0.3,50.0,20.0,5.88168443872234,0.9160000000000004,0.1,100.0
0.007715848165730278,8,0.1,0.92,8.590488201050075,116.0,1.0,0.3,50.0,20.0,8.48566710075035,0.9355999999999999,0.1,100.0
0.007653706720862379,8,0.1,0.96,8.512404448878392,117.0,1.0,0.3,50.0,20.0,8.587890163285296,0.9203999999999994,0.1,100.0
0.009433271694616307,8,0.1,0.92,10.441063520309056,117.0,1.0,0.3,50.0,20.0,10.065014801700267,0.9180000000000001,0.1,100.0
0.009009302340236662,8,0.1,0.92,10.604432945808087,132.0,1.0,0.3,50.0,20.0,9.753791826899402,0.929,0.1,100.0
0.007986037827809383,8,0.1,0.96,8.913513646936817,128.0,1.0,0.3,50.0,20.0,8.900473145578768,0.9329999999999997,0.1,100.0
0.009460042485897786,8,0.1,0.88,10.526163983355406,124.0,1.0,0.3,50.0,20.0,9.761799425010734,0.8815999999999998,0.1,100.0
0.007983077867691975,8,0.1,0.8,10.352051049664931,120.0,1.0,0.3,50.0,20.0,9.886997346805737,0.8838000000000003,0.1,100.0
0.011911277758200414,8,0.1,0.94,11.949504472932407,118.0,1.0,0.3,50.0,20.0,11.305203291329208,0.8944000000000006,0.1,100.0
0.008926813555447688,8,0.1,0.92,11.349146645697768,124.0,1.0,0.3,50.0,20.0,9.788537188078017,0.8966000000000005,0.1,100.0
0.010099033170033982,8,0.1,0.86,10.52811395707121,114.0,1.0,0.3,50.0,20.0,10.640623564410559,0.9112,0.1,100.0
0.008671539966854668,8,0.1,0.86,8.818349992595566,115.0,1.0,0.3,50.0,20.0,7.941215222419234,0.9038000000000007,0.1,100.0
0.00925698997748124,8,0.1,0.96,10.577815754867478,132.0,1.0,0.3,50.0,20.0,10.172563501804323,0.9159999999999998,0.1,100.0
0.009694148485804395,8,0.1,0.84,10.874989210933249,125.0,1.0,0.3,50.0,20.0,10.178391169640156,0.9118000000000004,0.1,100.0
0.01029688730611459,8,0.1,0.88,11.40410379605547,139.0,1.0,0.3,50.0,20.0,10.806417843737934,0.8675999999999999,0.1,100.0
0.007824242307340395,8,0.1,0.82,9.11049047734803,118.0,1.0,0.3,50.0,20.0,8.318316513118452,0.8829999999999997,0.1,100.0
0.006614285464861799,8,0.1,0.86,8.393564907981256,115.0,1.0,0.3,50.0,20.0,8.009945965464608,0.8980000000000006,0.1,100.0
0.00882196851383849,8,0.1,0.9,9.340634817458078,114.0,1.0,0.3,50.0,20.0,9.089767993074528,0.9378000000000006,0.1,100.0
0.007908478279776143,7,0.1,0.86,8.394384285455292,99.0,1.0,0.3,50.0,20.0,9.13588723065118,0.8674000000000005,0.1,75.0
0.00867093995731305,7,0.1,0.86,7.53876370493823,117.0,1.0,0.3,50.0,20.0,8.403116578924005,0.8797999999999999,0.1,75.0
0.005055374140106658,7,0.1,0.86,8.706159236329139,104.0,1.0,0.3,50.0,20.0,6.859710555437465,0.9447999999999991,0.1,75.0
0.009265263245427141,7,0.1,0.94,9.538534488982059,109.0,1.0,0.3,50.0,20.0,9.328530026731668,0.9335999999999993,0.1,75.0
0.012314318606460204,7,0.1,0.86,11.76320320363666,117.0,1.0,0.3,50.0,20.0,11.255920193229674,0.8852000000000004,0.1,75.0
0.0090515960688066,7,0.1,0.84,9.615012333882737,117.0,1.0,0.3,50.0,20.0,8.968511289018391,0.8843999999999997,0.1,75.0
0.007894164848154894,7,0.1,0.86,12.038341075432518,113.0,1.0,0.3,50.0,20.0,10.805231392187043,0.8773999999999995,0.1,75.0
0.008275928446405782,7,0.1,0.94,9.867868853414002,107.0,1.0,0.3,50.0,20.0,9.082812150277837,0.9321999999999993,0.1,75.0
0.006758854273325872,7,0.1,0.88,7.156997781269036,95.0,1.0,0.3,50.0,20.0,6.971256569681959,0.9156000000000007,0.1,75.0
0.012872294522384238,7,0.1,0.9,12.846283317844167,122.0,1.0,0.3,50.0,20.0,12.92046839009073,0.8529999999999999,0.1,75.0
0.011357717423210196,7,0.1,0.92,12.07206980561466,114.0,1.0,0.3,50.0,20.0,11.56242751810776,0.9045999999999996,0.1,75.0
0.008320017250256046,7,0.1,0.88,11.771779990341743,113.0,1.0,0.3,50.0,20.0,10.946483684523345,0.9031999999999996,0.1,75.0
0.007956443496508085,7,0.1,0.92,9.001130141974157,91.0,1.0,0.3,50.0,20.0,8.608215949853257,0.9024000000000002,0.1,75.0
0.009715793438293463,7,0.1,0.92,8.882052204527938,114.0,1.0,0.3,50.0,20.0,8.757000631229815,0.9081999999999998,0.1,75.0
0.011847220581008707,7,0.1,0.96,10.521716311924552,115.0,1.0,0.3,50.0,20.0,11.138644034823388,0.9219999999999997,0.1,75.0
0.0060539199576609,7,0.1,0.9,7.491079302658819,109.0,1.0,0.3,50.0,20.0,7.735078282837191,0.897,0.1,75.0
0.006909908156487093,7,0.1,0.88,7.986862621784452,102.0,1.0,0.3,50.0,20.0,6.9874290247345785,0.9218,0.1,75.0
0.01249581588619789,7,0.1,0.86,12.219983507964288,117.0,1.0,0.3,50.0,20.0,12.70251896465576,0.8897999999999997,0.1,75.0
0.0046468705104169734,7,0.1,0.88,6.0088743149179225,97.0,1.0,0.3,50.0,20.0,6.10788953014051,0.888,0.1,75.0
0.00882895507909303,7,0.1,0.88,8.178131698974362,113.0,1.0,0.3,50.0,20.0,8.906820175769534,0.9198000000000001,0.1,75.0
0.006417653752712305,7,0.1,0.94,7.177909201352625,103.0,1.0,0.3,50.0,20.0,7.314648671985159,0.9489999999999996,0.1,75.0
0.007948526759096032,7,0.1,0.88,9.80236012170302,117.0,1.0,0.3,50.0,20.0,9.869558645627926,0.9419999999999996,0.1,75.0
0.0070743211651242205,7,0.1,0.82,8.467058229082749,118.0,1.0,0.3,50.0,20.0,8.157259654844259,0.9042,0.1,75.0
0.005730723621369617,7,0.1,0.96,7.385335605433965,94.0,1.0,0.3,50.0,20.0,6.57800441517655,0.9381999999999999,0.1,75.0
0.010736248435577697,7,0.1,0.9,11.45108795513577,109.0,1.0,0.3,50.0,20.0,11.2035316261648,0.9104000000000005,0.1,75.0
0.00881754023384238,7,0.1,0.94,9.595512616877869,117.0,1.0,0.3,50.0,20.0,8.98609243131572,0.9476000000000003,0.1,75.0
0.011029816280613457,7,0.1,0.82,11.480124891742307,121.0,1.0,0.3,50.0,20.0,11.451863692585123,0.8737999999999999,0.1,75.0
0.008490517100430514,7,0.1,0.9,9.103163889011732,110.0,1.0,0.3,50.0,20.0,8.507919908137499,0.8604000000000002,0.1,75.0
0.00642953369683266,7,0.1,0.98,6.791742485285956,115.0,1.0,0.3,50.0,20.0,6.401345155374254,0.9367999999999996,0.1,75.0
0.00902369867709385,7,0.1,0.94,9.609131515516262,114.0,1.0,0.3,50.0,20.0,9.529956191238957,0.8974,0.1,75.0
0.0068851677867172055,7,0.1,0.94,9.259244816448884,125.0,1.0,0.3,50.0,20.0,8.761204017088746,0.9234000000000006,0.1,75.0
0.009632733305992515,7,0.1,0.86,11.174991814423437,130.0,1.0,0.3,50.0,20.0,10.78712889196695,0.8410000000000001,0.1,75.0
0.007155933623902349,7,0.1,0.88,7.843105522421639,110.0,1.0,0.3,50.0,20.0,7.21364833073425,0.8708000000000002,0.1,75.0
0.009938421731264597,7,0.1,0.94,11.22117097116053,113.0,1.0,0.3,50.0,20.0,9.595854950842389,0.9158,0.1,75.0
0.009565991312005308,7,0.1,0.88,7.978706552364838,108.0,1.0,0.3,50.0,20.0,8.495844921488436,0.8937999999999999,0.1,75.0
0.007054737084844911,7,0.1,0.84,7.63072488610215,115.0,1.0,0.3,50.0,20.0,8.087872586347192,0.8324000000000001,0.1,75.0
0.009366912122500784,7,0.1,1.0,10.38743331089907,105.0,1.0,0.3,50.0,20.0,10.232390927920763,0.9239999999999998,0.1,75.0
0.010507948383839115,7,0.1,0.86,12.283262975101461,120.0,1.0,0.3,50.0,20.0,10.939582704885304,0.8507999999999997,0.1,75.0
0.007070674383510002,7,0.1,0.86,9.828641824957018,102.0,1.0,0.3,50.0,20.0,8.831607072842486,0.8626000000000001,0.1,75.0
0.008256395522764765,7,0.1,0.94,8.373591860989348,106.0,1.0,0.3,50.0,20.0,8.14966510159833,0.9351999999999999,0.1,75.0
0.006617619206998673,7,0.1,0.92,8.38211461487948,105.0,1.0,0.3,50.0,20.0,8.388446296741954,0.9339999999999986,0.1,75.0
0.004554622832162397,7,0.1,0.88,6.6128416723693615,98.0,1.0,0.3,50.0,20.0,5.782646410288258,0.9384,0.1,75.0
0.008142730672238654,7,0.1,0.96,9.755678207850508,114.0,1.0,0.3,50.0,20.0,8.564616192853967,0.9099999999999998,0.1,75.0
0.009198989151803677,7,0.1,0.88,9.98599311171456,111.0,1.0,0.3,50.0,20.0,10.293033189470982,0.8886000000000003,0.1,75.0
0.00944863115883278,7,0.1,0.92,10.720324028539947,119.0,1.0,0.3,50.0,20.0,9.456146207428993,0.8968000000000009,0.1,75.0
0.005949422424850599,7,0.1,0.94,5.594629024112432,96.0,1.0,0.3,50.0,20.0,5.569073288611045,0.9229999999999997,0.1,75.0
0.008766774787565448,7,0.1,0.84,9.057504834260506,117.0,1.0,0.3,50.0,20.0,8.511938877309603,0.8984000000000004,0.1,75.0
0.009560110917145686,7,0.1,0.96,10.248098465166251,110.0,1.0,0.3,50.0,20.0,10.170089520794303,0.9357999999999993,0.1,75.0
0.009417728994051106,7,0.1,0.96,9.967756719590259,126.0,1.0,0.3,50.0,20.0,9.899582976265538,0.9018000000000002,0.1,75.0
0.006565303535412478,7,0.1,0.74,7.69686120850286,109.0,1.0,0.3,50.0,20.0,7.870778773932618,0.8467999999999999,0.1,75.0
0.007624802136767517,6,0.1,0.9,9.299380608877387,97.0,1.0,0.3,50.0,20.0,8.648162883186847,0.9105999999999999,0.1,50.0
0.009698804540170568,6,0.1,0.8,9.47204683103934,106.0,1.0,0.3,50.0,20.0,9.560046321653186,0.8733999999999997,0.1,50.0
0.005478370590785758,6,0.1,0.92,6.366003482327181,95.0,1.0,0.3,50.0,20.0,6.127393085777725,0.9340000000000005,0.1,50.0
0.006119032491762611,6,0.1,0.92,5.691963048336175,82.0,1.0,0.3,50.0,20.0,6.450163409977687,0.9054000000000006,0.1,50.0
0.007328144618904882,6,0.1,0.92,6.832862355568662,95.0,1.0,0.3,50.0,20.0,7.403315749621256,0.9391999999999999,0.1,50.0
0.0039240311514462355,6,0.1,0.86,5.642429864544364,83.0,1.0,0.3,50.0,20.0,5.503598696859843,0.9417999999999996,0.1,50.0
0.005792268561544783,6,0.1,0.96,5.247554855128222,97.0,1.0,0.3,50.0,20.0,5.381319813814978,0.9563999999999997,0.1,50.0
0.0064871021380654885,6,0.1,0.96,8.013119867298538,104.0,1.0,0.3,50.0,20.0,7.531251620052396,0.9201999999999991,0.1,50.0
0.005721014849475546,6,0.1,0.98,7.927999307683986,99.0,1.0,0.3,50.0,20.0,7.818556764696051,0.9515999999999991,0.1,50.0
0.003765154458991617,6,0.1,0.88,5.3288984497508345,102.0,1.0,0.3,50.0,20.0,5.172595395157636,0.9040000000000005,0.1,50.0
0.004225655208973008,6,0.1,0.92,6.29618574351666,100.0,1.0,0.3,50.0,20.0,6.062792052379913,0.9042000000000003,0.1,50.0
0.0050823710984724026,6,0.1,0.88,6.478381316598595,94.0,1.0,0.3,50.0,20.0,6.491830747381033,0.9337999999999994,0.1,50.0
0.007082642107160476,6,0.1,0.98,9.101943560549778,119.0,1.0,0.3,50.0,20.0,8.910826757692387,0.9171999999999997,0.1,50.0
0.007172180378657195,6,0.1,0.9,8.227181980827632,95.0,1.0,0.3,50.0,20.0,8.211544164859367,0.9018000000000005,0.1,50.0
0.006054329355597865,6,0.1,0.86,5.437643186728812,98.0,1.0,0.3,50.0,20.0,6.212739679194503,0.894,0.1,50.0
0.00635658644926806,6,0.1,0.96,7.436134000752083,102.0,1.0,0.3,50.0,20.0,7.205463512326419,0.8954000000000003,0.1,50.0
0.00770190826060567,6,0.1,0.88,7.746092263737261,111.0,1.0,0.3,50.0,20.0,7.739665962610339,0.8864000000000003,0.1,50.0
0.003998591785359638,6,0.1,0.78,5.73363024847559,93.0,1.0,0.3,50.0,20.0,5.6913420518449565,0.8673999999999996,0.1,50.0
0.006078512273910025,6,0.1,0.96,7.696509700074429,105.0,1.0,0.3,50.0,20.0,7.069381945851144,0.8990000000000002,0.1,50.0
0.0045322571574737056,6,0.1,0.94,6.604286206582637,98.0,1.0,0.3,50.0,20.0,6.477806084618684,0.9363999999999997,0.1,50.0
0.00727802143038392,6,0.1,0.92,8.310365301220797,100.0,1.0,0.3,50.0,20.0,7.422362357355803,0.9162000000000002,0.1,50.0
0.00610045575748949,6,0.1,0.84,6.70996654056531,100.0,1.0,0.3,50.0,20.0,6.649941578390096,0.8900000000000005,0.1,50.0
0.009083530139071797,6,0.1,0.9,7.730875972372738,103.0,1.0,0.3,50.0,20.0,7.989629022129066,0.9010000000000005,0.1,50.0
0.006929060905022109,6,0.1,0.92,9.38686244388692,105.0,1.0,0.3,50.0,20.0,8.71618951348123,0.941,0.1,50.0
0.004332566695362426,6,0.1,0.9,6.42640624231832,91.0,1.0,0.3,50.0,20.0,5.991449361959124,0.9376000000000002,0.1,50.0
0.007251592833323594,6,0.1,0.9,7.926316563729059,90.0,1.0,0.3,50.0,20.0,8.187086621611918,0.9107999999999997,0.1,50.0
0.0113584949565865,6,0.1,0.92,11.22122814822472,106.0,1.0,0.3,50.0,20.0,10.788926931802118,0.9185999999999999,0.1,50.0
0.0068900464051609425,6,0.1,0.94,8.65446973040917,108.0,1.0,0.3,50.0,20.0,8.367849845336274,0.8744000000000003,0.1,50.0
0.007147942607507761,6,0.1,0.88,7.2053270117851635,93.0,1.0,0.3,50.0,20.0,7.705157512063904,0.9053999999999996,0.1,50.0
0.007424509270937827,6,0.1,0.88,8.252168966844788,94.0,1.0,0.3,50.0,20.0,7.723740168139501,0.8914000000000003,0.1,50.0
0.009332744850629607,6,0.1,0.9,9.19228263935047,105.0,1.0,0.3,50.0,20.0,8.79419529859755,0.8797999999999999,0.1,50.0
0.005649236770811235,6,0.1,0.84,5.7160250791916845,89.0,1.0,0.3,50.0,20.0,5.358030786507648,0.9177999999999997,0.1,50.0
0.00487266144416863,6,0.1,0.92,5.4286681083377895,85.0,1.0,0.3,50.0,20.0,5.111668603644983,0.9385999999999995,0.1,50.0
0.006973092596292342,6,0.1,0.8,7.32394487295897,106.0,1.0,0.3,50.0,20.0,6.947669999421269,0.9103999999999993,0.1,50.0
0.004182335384673823,6,0.1,0.94,6.3622670466974,95.0,1.0,0.3,50.0,20.0,6.076630925296746,0.9189999999999998,0.1,50.0
0.008937030664142193,6,0.1,0.9,10.228878037935164,109.0,1.0,0.3,50.0,20.0,9.438266039922834,0.877,0.1,50.0
0.005434758868674248,6,0.1,0.82,7.378392976820737,98.0,1.0,0.3,50.0,20.0,6.59892997038179,0.9131999999999995,0.1,50.0
0.005947609308412573,6,0.1,0.84,8.276083571000173,116.0,1.0,0.3,50.0,20.0,7.27278582277117,0.8616000000000001,0.1,50.0
0.005812276554513225,6,0.1,0.88,5.949727573922566,82.0,1.0,0.3,50.0,20.0,6.186904371387982,0.8929999999999998,0.1,50.0
0.00359577895335141,6,0.1,0.92,4.4600507154563775,85.0,1.0,0.3,50.0,20.0,5.164343492478926,0.9111999999999998,0.1,50.0
0.007637829233303588,6,0.1,0.88,8.709311028517977,103.0,1.0,0.3,50.0,20.0,8.219871228366523,0.9484,0.1,50.0
0.007511211376541512,6,0.1,0.96,7.158042596044119,86.0,1.0,0.3,50.0,20.0,7.714701488923587,0.8947999999999999,0.1,50.0
0.004937787498406974,6,0.1,0.96,7.156066435802412,96.0,1.0,0.3,50.0,20.0,6.371476339835558,0.9409999999999998,0.1,50.0
0.0055397222889531595,6,0.1,0.9,6.135265383258993,102.0,1.0,0.3,50.0,20.0,6.080130066697942,0.8872000000000009,0.1,50.0
0.009940234810099128,6,0.1,0.88,10.21224143219126,110.0,1.0,0.3,50.0,20.0,9.423755671957519,0.8516000000000006,0.1,50.0
0.004946247395966464,6,0.1,0.94,6.348352690661587,109.0,1.0,0.3,50.0,20.0,5.608590849776956,0.9298000000000001,0.1,50.0
0.005598751693277488,6,0.1,0.92,6.120782232226853,87.0,1.0,0.3,50.0,20.0,5.975521663656111,0.9266000000000002,0.1,50.0
0.004360349649491728,6,0.1,0.92,6.194224511498802,92.0,1.0,0.3,50.0,20.0,5.706801942988817,0.9104000000000005,0.1,50.0
0.00863692951972246,6,0.1,0.8,8.182630054666436,108.0,1.0,0.3,50.0,20.0,8.659222064456765,0.8720000000000003,0.1,50.0
0.006722580421964547,6,0.1,0.92,6.21162933727019,100.0,1.0,0.3,50.0,20.0,6.3838604155513075,0.8920000000000006,0.1,50.0
0.01555497732841221,5,0.1,0.44,16.756920011352772,175.0,1.0,0.3,50.0,20.0,15.532124096781175,0.5935999999999996,0.05,175.0
0.011705552621359016,5,0.1,0.6,12.910588900466944,172.0,1.0,0.3,50.0,20.0,12.539123664545253,0.7067999999999999,0.05,175.0
0.011325704960103499,5,0.1,0.6,12.777738378976307,146.0,1.0,0.3,50.0,20.0,11.476682644196377,0.6597999999999996,0.05,175.0
0.011543524186710763,5,0.1,0.62,12.104791650976681,171.0,1.0,0.3,50.0,20.0,11.616727240764956,0.6698,0.05,175.0
0.014850344890518483,5,0.1,0.62,14.034926928318981,166.0,1.0,0.3,50.0,20.0,14.271832234542366,0.6471999999999999,0.05,175.0
0.011305862900106937,5,0.1,0.62,11.820885527237047,145.0,1.0,0.3,50.0,20.0,11.40091109399483,0.6843999999999997,0.05,175.0
0.00867237693108206,5,0.1,0.72,9.154203221603195,140.0,1.0,0.3,50.0,20.0,9.05448334396536,0.7511999999999996,0.05,175.0
0.012917525462714748,5,0.1,0.68,13.946114085355754,149.0,1.0,0.3,50.0,20.0,13.49457399570726,0.7076000000000002,0.05,175.0
0.016027720331871213,5,0.1,0.72,16.10253312986947,157.0,1.0,0.3,50.0,20.0,15.45818859195254,0.6803999999999998,0.05,175.0
0.014629922637510817,5,0.1,0.7,13.802215862336725,148.0,1.0,0.3,50.0,20.0,13.73462017590379,0.7020000000000003,0.05,175.0
0.008918242515948924,5,0.1,0.62,8.384602204229106,142.0,1.0,0.3,50.0,20.0,8.047502969213893,0.7197999999999999,0.05,175.0
0.01104967534247193,5,0.1,0.64,13.100944285827197,147.0,1.0,0.3,50.0,20.0,12.930607120796495,0.7215999999999998,0.05,175.0
0.01874094749400794,5,0.1,0.68,19.854877268175485,175.0,1.0,0.3,50.0,20.0,18.396258359358363,0.6599999999999998,0.05,175.0
0.011397436930154754,5,0.1,0.76,11.989931180888346,158.0,1.0,0.3,50.0,20.0,11.293903183083097,0.6831999999999998,0.05,175.0
0.012030011894888821,5,0.1,0.72,14.179827964040111,155.0,1.0,0.3,50.0,20.0,13.615458721161579,0.7277999999999999,0.05,175.0
0.015311313163811938,5,0.1,0.6,15.320329690333597,166.0,1.0,0.3,50.0,20.0,14.188667610238815,0.5991999999999998,0.05,175.0
0.015888025679538523,5,0.1,0.66,15.583414336240768,162.0,1.0,0.3,50.0,20.0,14.528078302764655,0.7116000000000001,0.05,175.0
0.020775554472688838,5,0.1,0.48,19.90511459143716,178.0,1.0,0.3,50.0,20.0,19.658167389245296,0.5476000000000001,0.05,175.0
0.015797274073786723,5,0.1,0.66,17.980137011174676,176.0,1.0,0.3,50.0,20.0,16.215435799276904,0.6439999999999997,0.05,175.0
0.011040131880888546,5,0.1,0.62,13.613171264509248,151.0,1.0,0.3,50.0,20.0,12.374530691834604,0.7250000000000003,0.05,175.0
0.012968254188707623,5,0.1,0.56,12.894952976005996,147.0,1.0,0.3,50.0,20.0,11.926932430281882,0.6475999999999995,0.05,175.0
0.015416604750174354,5,0.1,0.74,15.082632634421033,149.0,1.0,0.3,50.0,20.0,14.855024311193329,0.6859999999999999,0.05,175.0
0.012419295502847242,5,0.1,0.72,14.52579988361984,143.0,1.0,0.3,50.0,20.0,13.907434402324752,0.6885999999999999,0.05,175.0
0.015337328410945825,5,0.1,0.62,14.476127817396927,149.0,1.0,0.3,50.0,20.0,14.227162916972858,0.6683999999999997,0.05,175.0
0.010279545553625417,5,0.1,0.64,10.549947383203,148.0,1.0,0.3,50.0,20.0,10.156957951740953,0.6773999999999998,0.05,175.0
0.015827212291325738,5,0.1,0.58,16.503635650447382,175.0,1.0,0.3,50.0,20.0,15.490314505407568,0.596,0.05,175.0
0.011600626450436477,5,0.1,0.7,10.933684091969273,124.0,1.0,0.3,50.0,20.0,11.847963253075646,0.7200000000000002,0.05,175.0
0.015381199623363194,5,0.1,0.72,14.733075389189612,150.0,1.0,0.3,50.0,20.0,14.448273823389231,0.7263999999999998,0.05,175.0
0.010085066505559933,5,0.1,0.76,9.812957763512278,143.0,1.0,0.3,50.0,20.0,9.335908066129488,0.6987999999999999,0.05,175.0
0.01352471074237479,5,0.1,0.58,14.2069355382181,147.0,1.0,0.3,50.0,20.0,13.339343447743861,0.6615999999999999,0.05,175.0
0.01563935706397201,5,0.1,0.58,15.649281848073302,158.0,1.0,0.3,50.0,20.0,14.701739794463661,0.6361999999999995,0.05,175.0
0.011836952928946955,5,0.1,0.76,13.845651108163636,145.0,1.0,0.3,50.0,20.0,13.382298852588088,0.7098,0.05,175.0
0.011311823233162228,5,0.1,0.78,11.921224930059285,161.0,1.0,0.3,50.0,20.0,10.96634554865168,0.7386000000000004,0.05,175.0
0.01058364590180718,5,0.1,0.62,12.503242594371962,149.0,1.0,0.3,50.0,20.0,10.981609367926023,0.7007999999999995,0.05,175.0
0.014366512008255155,5,0.1,0.68,14.229105882177796,160.0,1.0,0.3,50.0,20.0,13.455048024020066,0.7047999999999999,0.05,175.0
0.010124292027551674,5,0.1,0.58,10.557341853239429,157.0,1.0,0.3,50.0,20.0,10.303112572376959,0.6441999999999996,0.05,175.0
0.011384609063064377,5,0.1,0.7,11.617224192475332,136.0,1.0,0.3,50.0,20.0,10.252996106296939,0.7155999999999999,0.05,175.0
0.01579623554173289,5,0.1,0.56,17.274449575996265,163.0,1.0,0.3,50.0,20.0,16.38339066250808,0.6348000000000001,0.05,175.0
0.013270121078014839,5,0.1,0.6,14.216076563150374,147.0,1.0,0.3,50.0,20.0,13.511485445716655,0.6991999999999998,0.05,175.0
0.009228015487013786,5,0.1,0.68,10.90538217077891,149.0,1.0,0.3,50.0,20.0,10.363068802795874,0.6306000000000002,0.05,175.0
0.010106494977298213,5,0.1,0.7,10.389078322289697,164.0,1.0,0.3,50.0,20.0,10.311780104770769,0.6362,0.05,175.0
0.015235960804642608,5,0.1,0.82,15.32360327490261,152.0,1.0,0.3,50.0,20.0,15.250322806316953,0.6932000000000003,0.05,175.0
0.014348500436398261,5,0.1,0.7,13.11143128701505,139.0,1.0,0.3,50.0,20.0,12.748894931721479,0.6729999999999998,0.05,175.0
0.01139041987858477,5,0.1,0.74,12.339340278866132,156.0,1.0,0.3,50.0,20.0,12.164195437095042,0.7728,0.05,175.0
0.017184730205074692,5,0.1,0.6,17.613105976308503,164.0,1.0,0.3,50.0,20.0,16.971911875998927,0.6055999999999999,0.05,175.0
0.012976978182051162,5,0.1,0.72,13.714554000902845,154.0,1.0,0.3,50.0,20.0,13.526450334993669,0.6996000000000003,0.05,175.0
0.012999431216891167,5,0.1,0.76,13.939868222384819,166.0,1.0,0.3,50.0,20.0,13.020868408569365,0.7378000000000001,0.05,175.0
0.0166455620810953,5,0.1,0.68,16.83534823439562,165.0,1.0,0.3,50.0,20.0,16.555122476659065,0.6579999999999994,0.05,175.0
0.01078295145963679,5,0.1,0.74,11.942931085623709,147.0,1.0,0.3,50.0,20.0,11.197514677700811,0.7513999999999997,0.05,175.0
0.010168452302504221,5,0.1,0.66,12.383041857923144,141.0,1.0,0.3,50.0,20.0,10.979988794337164,0.7143999999999996,0.05,175.0
0.014624232452375683,4,0.1,0.68,14.403878418469574,151.0,1.0,0.3,50.0,20.0,14.198772426330175,0.6144000000000001,0.05,150.0
0.012037664059818038,4,0.1,0.5,13.583965838564755,170.0,1.0,0.3,50.0,20.0,12.428133829506821,0.6245999999999996,0.05,150.0
0.0076908720602912395,4,0.1,0.7,8.804708758806399,133.0,1.0,0.3,50.0,20.0,8.640290675413045,0.7262000000000002,0.05,150.0
0.016046735927731252,4,0.1,0.74,16.02094306200334,167.0,1.0,0.3,50.0,20.0,15.670343159408214,0.6905999999999998,0.05,150.0
0.011525593774531794,4,0.1,0.58,11.646918746469124,155.0,1.0,0.3,50.0,20.0,11.507113448096613,0.6411999999999999,0.05,150.0
0.01206129873074345,4,0.1,0.66,13.351075137118379,157.0,1.0,0.3,50.0,20.0,12.634713126050036,0.7134,0.05,150.0
0.010144045132151632,4,0.1,0.5,11.507779663102754,151.0,1.0,0.3,50.0,20.0,10.987055191943714,0.6114,0.05,150.0
0.014107910575448131,4,0.1,0.66,15.469179601400295,159.0,1.0,0.3,50.0,20.0,14.628400864579751,0.7149999999999993,0.05,150.0
0.00924834313813765,4,0.1,0.72,12.26311348341755,139.0,1.0,0.3,50.0,20.0,11.736918879544533,0.7567999999999997,0.05,150.0
0.011723098665184069,4,0.1,0.66,10.66457579002466,132.0,1.0,0.3,50.0,20.0,11.137218618440384,0.6808,0.05,150.0
0.01288393840509586,4,0.1,0.66,12.296477899929412,148.0,1.0,0.3,50.0,20.0,11.92321555370849,0.6801999999999999,0.05,150.0
0.01123988306622607,4,0.1,0.66,12.21810510628935,150.0,1.0,0.3,50.0,20.0,11.620080775023093,0.6894000000000001,0.05,150.0
0.011758443913288055,4,0.1,0.66,11.631795033064936,150.0,1.0,0.3,50.0,20.0,10.89947600768536,0.6357999999999999,0.05,150.0
0.010609392038319098,4,0.1,0.74,12.411167885989718,154.0,1.0,0.3,50.0,20.0,11.795626233647232,0.709,0.05,150.0
0.013536963536985703,4,0.1,0.66,14.667902559490582,154.0,1.0,0.3,50.0,20.0,13.668926272027612,0.6509999999999994,0.05,150.0
0.012025845816384604,4,0.1,0.5,12.695591081123185,154.0,1.0,0.3,50.0,20.0,12.365807506687112,0.6679999999999999,0.05,150.0
0.013741207964000758,4,0.1,0.76,14.039225213332891,156.0,1.0,0.3,50.0,20.0,13.508110906938521,0.7521999999999999,0.05,150.0
0.011482016356475422,4,0.1,0.64,12.697798468377993,158.0,1.0,0.3,50.0,20.0,12.042741746434,0.6361999999999997,0.05,150.0
0.011960682883364611,4,0.1,0.72,11.62127678344637,150.0,1.0,0.3,50.0,20.0,10.521499674490755,0.6705999999999996,0.05,150.0
0.010810198865540407,4,0.1,0.7,12.664281257189346,144.0,1.0,0.3,50.0,20.0,11.384444684993548,0.7099999999999999,0.05,150.0
0.011866850312047567,4,0.1,0.68,13.376193934425542,153.0,1.0,0.3,50.0,20.0,11.615788782545494,0.6903999999999998,0.05,150.0
0.011936388621956994,4,0.1,0.58,13.629606735456793,144.0,1.0,0.3,50.0,20.0,12.338288232788981,0.7322,0.05,150.0
0.007221855332439565,4,0.1,0.68,9.108945368720834,129.0,1.0,0.3,50.0,20.0,8.903572720091933,0.6781999999999998,0.05,150.0
0.011433822505157665,4,0.1,0.62,14.005562359582191,150.0,1.0,0.3,50.0,20.0,13.449390296582692,0.6664000000000001,0.05,150.0
0.010735324678214054,4,0.1,0.72,10.765514956146298,154.0,1.0,0.3,50.0,20.0,9.814462113714244,0.7136000000000001,0.05,150.0
0.013964387511893887,4,0.1,0.66,13.446680544313491,160.0,1.0,0.3,50.0,20.0,14.114052885873104,0.6697999999999997,0.05,150.0
0.013073641154864778,4,0.1,0.68,12.548538320283065,153.0,1.0,0.3,50.0,20.0,12.859978622211806,0.6735999999999999,0.05,150.0
0.012301784143108395,4,0.1,0.74,12.697351724966724,150.0,1.0,0.3,50.0,20.0,11.80679759876463,0.7815999999999996,0.05,150.0
0.014462875717948402,4,0.1,0.7,15.570427191150813,151.0,1.0,0.3,50.0,20.0,15.547466601735032,0.7345999999999998,0.05,150.0
0.01734180504730997,4,0.1,0.52,18.668920614909798,172.0,1.0,0.3,50.0,20.0,17.755025703226178,0.6076000000000003,0.05,150.0
0.017010262807423876,4,0.1,0.66,15.861465464603297,164.0,1.0,0.3,50.0,20.0,15.518503963766095,0.6863999999999997,0.05,150.0
0.01662144491253067,4,0.1,0.62,18.24949270669255,176.0,1.0,0.3,50.0,20.0,17.554649641514626,0.6071999999999995,0.05,150.0
0.013609208582855567,4,0.1,0.66,15.7358080301265,160.0,1.0,0.3,50.0,20.0,14.924729909325809,0.6607999999999996,0.05,150.0
0.009341826144075777,4,0.1,0.68,11.72771301924147,179.0,1.0,0.3,50.0,20.0,11.199052196627113,0.5858,0.05,150.0
0.009432954792422833,4,0.1,0.66,10.317057968222542,156.0,1.0,0.3,50.0,20.0,9.864262678503348,0.7013999999999996,0.05,150.0
0.0117752313502737,4,0.1,0.68,13.00631324982879,146.0,1.0,0.3,50.0,20.0,11.758869785146908,0.6574,0.05,150.0
0.011568402739187337,4,0.1,0.66,11.709016481253478,147.0,1.0,0.3,50.0,20.0,11.342749945035585,0.610799999999999,0.05,150.0
0.013035441966852442,4,0.1,0.62,14.181949885999014,142.0,1.0,0.3,50.0,20.0,13.888303794355577,0.6774000000000002,0.05,150.0
0.010170013198776159,4,0.1,0.68,10.028618780270723,141.0,1.0,0.3,50.0,20.0,9.827497440763768,0.6818000000000006,0.05,150.0
0.012461174741129,4,0.1,0.8,12.325867566176775,166.0,1.0,0.3,50.0,20.0,12.097297508121455,0.6971999999999993,0.05,150.0
0.013209676186159163,4,0.1,0.62,12.92525130195418,157.0,1.0,0.3,50.0,20.0,13.218101455756814,0.7051999999999998,0.05,150.0
0.010120873273637206,4,0.1,0.68,9.585777185954564,135.0,1.0,0.3,50.0,20.0,10.061104463233049,0.7106000000000001,0.05,150.0
0.017001350224531808,4,0.1,0.6,15.69364178384843,154.0,1.0,0.3,50.0,20.0,15.249627045391648,0.6283999999999995,0.05,150.0
0.014903449630612211,4,0.1,0.54,15.228336308751059,166.0,1.0,0.3,50.0,20.0,14.814315646402187,0.5877999999999999,0.05,150.0
0.011231510148122252,4,0.1,0.7,11.507343686002605,140.0,1.0,0.3,50.0,20.0,11.238526260711232,0.7372000000000001,0.05,150.0
0.01157637700360589,4,0.1,0.72,11.249974162537184,161.0,1.0,0.3,50.0,20.0,11.42517879562213,0.6449999999999996,0.05,150.0
0.012767767383753865,4,0.1,0.72,12.4236755811326,158.0,1.0,0.3,50.0,20.0,12.382316180691234,0.7158,0.05,150.0
0.009894976449045327,4,0.1,0.74,11.627714885509347,151.0,1.0,0.3,50.0,20.0,10.672647619178122,0.7375999999999998,0.05,150.0
0.010232242718731435,4,0.1,0.74,10.873541425731526,153.0,1.0,0.3,50.0,20.0,10.480891045749168,0.7124000000000001,0.05,150.0
0.016016876287903867,4,0.1,0.56,16.77630955885963,156.0,1.0,0.3,50.0,20.0,15.501362060759739,0.5929999999999995,0.05,150.0
0.011234145352151248,3,0.1,0.66,13.219378014140611,172.0,1.0,0.3,50.0,20.0,11.996523604376105,0.6195999999999998,0.05,125.0
0.011918158437149438,3,0.1,0.7,13.30827124262685,133.0,1.0,0.3,50.0,20.0,12.887017338599403,0.6569999999999999,0.05,125.0
0.013960982869957785,3,0.1,0.7,13.774406117910337,163.0,1.0,0.3,50.0,20.0,12.837702070426495,0.7284000000000002,0.05,125.0
0.012070557241554357,3,0.1,0.76,11.646933624188561,144.0,1.0,0.3,50.0,20.0,11.391711270062606,0.7496000000000004,0.05,125.0
0.014486496046111064,3,0.1,0.7,14.084524113864672,154.0,1.0,0.3,50.0,20.0,13.504675735269373,0.6964000000000001,0.05,125.0
0.011200825842849938,3,0.1,0.62,13.231480882439447,147.0,1.0,0.3,50.0,20.0,12.641472851423671,0.7063999999999999,0.05,125.0
0.009574091066064562,3,0.1,0.72,9.725588634896237,129.0,1.0,0.3,50.0,20.0,9.304585509628927,0.6224,0.05,125.0
0.012177715998572928,3,0.1,0.7,12.825145003234608,147.0,1.0,0.3,50.0,20.0,12.745260015134507,0.6828,0.05,125.0
0.01685843720430617,3,0.1,0.54,16.586222525077257,170.0,1.0,0.3,50.0,20.0,16.10055271364824,0.6025999999999998,0.05,125.0
0.011079122376604581,3,0.1,0.62,13.589681439955497,173.0,1.0,0.3,50.0,20.0,12.65395175104475,0.6416000000000001,0.05,125.0
0.012538364311043564,3,0.1,0.78,11.87799965664525,135.0,1.0,0.3,50.0,20.0,12.032636832678866,0.6869999999999997,0.05,125.0
0.010399563281197712,3,0.1,0.74,10.839658850386838,135.0,1.0,0.3,50.0,20.0,10.542412891594154,0.6986000000000007,0.05,125.0
0.009798169192827933,3,0.1,0.72,12.239034952377168,149.0,1.0,0.3,50.0,20.0,11.316583077249101,0.6406000000000002,0.05,125.0
0.010546075286813462,3,0.1,0.64,12.287738436778476,148.0,1.0,0.3,50.0,20.0,11.155871605989553,0.6818,0.05,125.0
0.01393765859789069,3,0.1,0.62,15.529901734188757,167.0,1.0,0.3,50.0,20.0,14.41575867843627,0.6539999999999998,0.05,125.0
0.012092117267858542,3,0.1,0.72,14.018880463257895,154.0,1.0,0.3,50.0,20.0,12.657075909137435,0.6649999999999997,0.05,125.0
0.013350669909628009,3,0.1,0.74,15.25278338217583,156.0,1.0,0.3,50.0,20.0,13.994177912179698,0.6644,0.05,125.0
0.009079185042911777,3,0.1,0.58,12.126391361545528,158.0,1.0,0.3,50.0,20.0,10.282715869980464,0.6197999999999999,0.05,125.0
0.009761807819413128,3,0.1,0.66,10.303073788991913,148.0,1.0,0.3,50.0,20.0,10.195539008064278,0.6869999999999997,0.05,125.0
0.014518483672343062,3,0.1,0.58,16.08141495606208,171.0,1.0,0.3,50.0,20.0,15.3685458137689,0.5877999999999999,0.05,125.0
0.006720234720054859,3,0.1,0.8,8.695399911514292,138.0,1.0,0.3,50.0,20.0,7.871143839519407,0.7437999999999994,0.05,125.0
0.01641339136147694,3,0.1,0.48,18.080195192159472,180.0,1.0,0.3,50.0,20.0,16.6068981941557,0.5769999999999998,0.05,125.0
0.009467137574045208,3,0.1,0.66,11.67999237495909,145.0,1.0,0.3,50.0,20.0,10.62980262444346,0.7354,0.05,125.0
0.015107869136036378,3,0.1,0.76,13.815413264296096,143.0,1.0,0.3,50.0,20.0,14.251021402100632,0.7495999999999999,0.05,125.0
0.009619333793246587,3,0.1,0.62,10.5955548047859,147.0,1.0,0.3,50.0,20.0,10.006722867979931,0.6807999999999998,0.05,125.0
0.014648178958734437,3,0.1,0.74,14.359173120584373,151.0,1.0,0.3,50.0,20.0,13.806055919024217,0.6237999999999997,0.05,125.0
0.01099497040604417,3,0.1,0.54,11.508843855895963,147.0,1.0,0.3,50.0,20.0,11.063186976549575,0.6283999999999996,0.05,125.0
0.01222800801873501,3,0.1,0.66,11.959611854099558,133.0,1.0,0.3,50.0,20.0,11.734323008943523,0.7060000000000001,0.05,125.0
0.010726302537559037,3,0.1,0.74,10.605858633867532,136.0,1.0,0.3,50.0,20.0,10.66751531524505,0.6828000000000002,0.05,125.0
0.009720992336871471,3,0.1,0.56,11.169303033018974,133.0,1.0,0.3,50.0,20.0,9.902015702387164,0.7169999999999997,0.05,125.0
0.009655758672204981,3,0.1,0.62,9.955339419958259,142.0,1.0,0.3,50.0,20.0,10.217308225622665,0.7409999999999998,0.05,125.0
0.013097361129876146,3,0.1,0.58,14.11588971226397,148.0,1.0,0.3,50.0,20.0,13.511652525440883,0.6561999999999998,0.05,125.0
0.01286617592630457,3,0.1,0.7,13.04428751097058,146.0,1.0,0.3,50.0,20.0,12.657642868724986,0.6172,0.05,125.0
0.00886423531642751,3,0.1,0.66,9.57742073430261,137.0,1.0,0.3,50.0,20.0,9.549144036208508,0.6322000000000001,0.05,125.0
0.0094978757288154,3,0.1,0.8,11.770240287754158,142.0,1.0,0.3,50.0,20.0,11.165410642373876,0.7529999999999997,0.05,125.0
0.011543517815469804,3,0.1,0.76,12.119000951651474,135.0,1.0,0.3,50.0,20.0,12.190685217532609,0.7624,0.05,125.0
0.014813554939634169,3,0.1,0.68,15.430314849605717,153.0,1.0,0.3,50.0,20.0,14.538154409463596,0.6914000000000002,0.05,125.0
0.012696362923815117,3,0.1,0.58,11.803154640932139,144.0,1.0,0.3,50.0,20.0,11.823631425122755,0.7138000000000002,0.05,125.0
0.01086852290678152,3,0.1,0.7,14.273148020926802,141.0,1.0,0.3,50.0,20.0,12.798447546567598,0.6511999999999998,0.05,125.0
0.007275330063074255,3,0.1,0.74,9.633153118958852,134.0,1.0,0.3,50.0,20.0,8.696935845569481,0.7172,0.05,125.0
0.012795919796738109,3,0.1,0.52,14.4555407051978,143.0,1.0,0.3,50.0,20.0,13.90386508268633,0.5812000000000002,0.05,125.0
0.009952429811708522,3,0.1,0.6,10.302996638890294,143.0,1.0,0.3,50.0,20.0,10.369038551535427,0.7025999999999994,0.05,125.0
0.010881383134960228,3,0.1,0.62,12.35793368440518,146.0,1.0,0.3,50.0,20.0,12.307067793272747,0.5851999999999999,0.05,125.0
0.0127030436769173,3,0.1,0.64,13.689871998510638,161.0,1.0,0.3,50.0,20.0,12.510214400220068,0.6345999999999998,0.05,125.0
0.015374825231425223,3,0.1,0.72,14.82683049880423,141.0,1.0,0.3,50.0,20.0,13.96260283560536,0.6852000000000003,0.05,125.0
0.010179213238274353,3,0.1,0.56,9.76902823406488,141.0,1.0,0.3,50.0,20.0,9.176246529797023,0.7199999999999999,0.05,125.0
0.009523151515610135,3,0.1,0.7,9.902306847531083,141.0,1.0,0.3,50.0,20.0,9.56677403799334,0.6974000000000001,0.05,125.0
0.009889349269374004,3,0.1,0.64,9.713358748089037,141.0,1.0,0.3,50.0,20.0,9.355813045896769,0.6761999999999999,0.05,125.0
0.015223894106683624,3,0.1,0.66,16.077667682120676,162.0,1.0,0.3,50.0,20.0,15.325454028232244,0.7512000000000002,0.05,125.0
0.010835284354735705,3,0.1,0.58,13.4871432390006,162.0,1.0,0.3,50.0,20.0,12.491377027728923,0.6227999999999998,0.05,125.0
0.011036820446194534,2,0.1,0.66,10.53476284597884,150.0,1.0,0.3,50.0,20.0,10.817784679842598,0.6625999999999996,0.05,100.0
0.008181151254971788,2,0.1,0.8,7.800791012595263,139.0,1.0,0.3,50.0,20.0,7.981327471166731,0.6879999999999997,0.05,100.0
0.005640459190622387,2,0.1,0.62,6.31081576641252,138.0,1.0,0.3,50.0,20.0,5.990475847793167,0.7014000000000001,0.05,100.0
0.011881119653393104,2,0.1,0.68,12.308674399007586,124.0,1.0,0.3,50.0,20.0,11.718663073234943,0.7028000000000003,0.05,100.0
0.012715090458718633,2,0.1,0.7,13.469346345064928,133.0,1.0,0.3,50.0,20.0,13.399756108066462,0.6579999999999998,0.05,100.0
0.011128390526119932,2,0.1,0.72,10.996341267739407,145.0,1.0,0.3,50.0,20.0,10.188397857190056,0.7380000000000001,0.05,100.0
0.01687170518152597,2,0.1,0.72,17.175481209661985,154.0,1.0,0.3,50.0,20.0,16.213564695758137,0.6677999999999994,0.05,100.0
0.010886626001428808,2,0.1,0.7,11.121255405127156,135.0,1.0,0.3,50.0,20.0,10.707684329489018,0.6583999999999994,0.05,100.0
0.012422306153559241,2,0.1,0.6,11.778616879432102,160.0,1.0,0.3,50.0,20.0,10.726430518677448,0.6757999999999997,0.05,100.0
0.011540677598055797,2,0.1,0.68,13.914806487585492,160.0,1.0,0.3,50.0,20.0,13.361174038562826,0.6992,0.05,100.0
0.01250105269106808,2,0.1,0.68,11.081866519055582,126.0,1.0,0.3,50.0,20.0,11.973427189305832,0.6952000000000007,0.05,100.0
0.009806420238083932,2,0.1,0.76,12.363377576295884,135.0,1.0,0.3,50.0,20.0,11.37765509790051,0.7554000000000002,0.05,100.0
0.010583854664118991,2,0.1,0.66,11.452156523036605,133.0,1.0,0.3,50.0,20.0,10.73514787984792,0.7138000000000001,0.05,100.0
0.01132514414506113,2,0.1,0.66,11.223331541756567,130.0,1.0,0.3,50.0,20.0,10.784560551091738,0.6803999999999999,0.05,100.0
0.011684179728016214,2,0.1,0.74,13.224072249065523,147.0,1.0,0.3,50.0,20.0,12.406222943504849,0.7112,0.05,100.0
0.00804640054823755,2,0.1,0.66,9.680406548515837,127.0,1.0,0.3,50.0,20.0,8.456542850971426,0.6901999999999999,0.05,100.0
0.01572385968439604,2,0.1,0.64,15.331555333514505,141.0,1.0,0.3,50.0,20.0,14.526294412445369,0.6483999999999998,0.05,100.0
0.01199687038320218,2,0.1,0.72,12.957247874784125,141.0,1.0,0.3,50.0,20.0,13.124468521067941,0.7199999999999998,0.05,100.0
0.011752864089215585,2,0.1,0.7,10.146235879728295,140.0,1.0,0.3,50.0,20.0,9.590794289313658,0.6782000000000002,0.05,100.0
0.011592449180290116,2,0.1,0.64,14.420644723537944,152.0,1.0,0.3,50.0,20.0,13.557035951525913,0.6781999999999999,0.05,100.0
0.012554703384515852,2,0.1,0.6,14.69413157166859,140.0,1.0,0.3,50.0,20.0,13.967345480572526,0.6413999999999994,0.05,100.0
0.01254970305767209,2,0.1,0.7,11.761067467386345,138.0,1.0,0.3,50.0,20.0,11.561203867281044,0.6788000000000001,0.05,100.0
0.012053550861839032,2,0.1,0.7,13.586172194073916,153.0,1.0,0.3,50.0,20.0,12.914050905324416,0.6468000000000003,0.05,100.0
0.008398160628506603,2,0.1,0.62,10.294025818316335,134.0,1.0,0.3,50.0,20.0,9.330820867316705,0.6972,0.05,100.0
0.0082215910420744,2,0.1,0.66,10.241421361876952,150.0,1.0,0.3,50.0,20.0,9.786170397565794,0.6357999999999997,0.05,100.0
0.011369884322785517,2,0.1,0.66,11.232766097744555,135.0,1.0,0.3,50.0,20.0,10.80172116770516,0.7149999999999999,0.05,100.0
0.010674480948669985,2,0.1,0.74,12.012892145146587,140.0,1.0,0.3,50.0,20.0,11.112345959686039,0.7292000000000001,0.05,100.0
0.010109399410029554,2,0.1,0.74,10.62087820029496,144.0,1.0,0.3,50.0,20.0,9.855776842417708,0.7749999999999992,0.05,100.0
0.014188340015066556,2,0.1,0.64,14.928691747536638,141.0,1.0,0.3,50.0,20.0,14.182343719837458,0.6608000000000002,0.05,100.0
0.008306257657145159,2,0.1,0.54,9.321188253750543,138.0,1.0,0.3,50.0,20.0,8.681944745544435,0.7418000000000003,0.05,100.0
0.011632929647066177,2,0.1,0.64,13.751312692520345,140.0,1.0,0.3,50.0,20.0,13.002639106776167,0.6974000000000002,0.05,100.0
0.007719701729429919,2,0.1,0.68,8.139681390266288,141.0,1.0,0.3,50.0,20.0,8.41040587284142,0.7290000000000006,0.05,100.0
0.006416147304949797,2,0.1,0.78,8.617022153881281,124.0,1.0,0.3,50.0,20.0,8.609066537960421,0.7540000000000002,0.05,100.0
0.011285883568841403,2,0.1,0.82,13.225800173737124,132.0,1.0,0.3,50.0,20.0,12.602683260863014,0.7423999999999996,0.05,100.0
0.010611888180678802,2,0.1,0.74,11.526227309476104,136.0,1.0,0.3,50.0,20.0,11.016994943363123,0.7013999999999996,0.05,100.0
0.011581048302569917,2,0.1,0.68,12.973518151457558,138.0,1.0,0.3,50.0,20.0,12.109327856633715,0.7334000000000006,0.05,100.0
0.010451584519781468,2,0.1,0.54,12.20910403351278,142.0,1.0,0.3,50.0,20.0,11.701306772761372,0.7061999999999997,0.05,100.0
0.013546076488479265,2,0.1,0.68,10.833670143829519,127.0,1.0,0.3,50.0,20.0,11.425971435227876,0.7422000000000003,0.05,100.0
0.012391884373659451,2,0.1,0.7,13.748823508255612,136.0,1.0,0.3,50.0,20.0,12.728733080461724,0.7164000000000003,0.05,100.0
0.011459130808784487,2,0.1,0.7,12.977383919312658,144.0,1.0,0.3,50.0,20.0,12.051042441272891,0.6965999999999998,0.05,100.0
0.008287828161040988,2,0.1,0.66,8.819011842152511,132.0,1.0,0.3,50.0,20.0,9.085058468503107,0.6475999999999997,0.05,100.0
0.008743811535394937,2,0.1,0.66,9.595467514338223,134.0,1.0,0.3,50.0,20.0,9.117264804931748,0.7120000000000003,0.05,100.0
0.008574403885624195,2,0.1,0.68,10.057854738516987,123.0,1.0,0.3,50.0,20.0,9.580428803803738,0.7222000000000007,0.05,100.0
0.011378544383903007,2,0.1,0.72,11.026304411624137,129.0,1.0,0.3,50.0,20.0,10.735989947962432,0.7568,0.05,100.0
0.015983696820898497,2,0.1,0.56,14.625779238380025,152.0,1.0,0.3,50.0,20.0,14.449889873419279,0.6699999999999995,0.05,100.0
0.009659074210586531,2,0.1,0.6,10.61618508218085,148.0,1.0,0.3,50.0,20.0,9.78235334835904,0.6962000000000002,0.05,100.0
0.010178875542834193,1,0.1,0.64,9.44491093973063,140.0,1.0,0.3,50.0,20.0,9.009060174983363,0.6772000000000001,0.05,75.0
0.012477314489550945,2,0.1,0.56,13.37564782128677,156.0,1.0,0.3,50.0,20.0,12.797110752887265,0.6619999999999999,0.05,100.0
0.01426739166313437,2,0.1,0.66,14.411007238164704,149.0,1.0,0.3,50.0,20.0,14.519800024416863,0.6497999999999995,0.05,100.0
0.009819519109584231,2,0.1,0.54,12.366062928827137,157.0,1.0,0.3,50.0,20.0,12.251378377859995,0.6429999999999997,0.05,100.0
0.011008385190244942,2,0.1,0.66,11.952507135867029,165.0,1.0,0.3,50.0,20.0,11.233701846127873,0.6550000000000001,0.05,100.0
0.008231237908011821,1,0.1,0.82,7.713443698987282,129.0,1.0,0.3,50.0,20.0,7.716085995860697,0.7801999999999998,0.05,75.0
0.011408778033093992,1,0.1,0.6,12.459793068443238,137.0,1.0,0.3,50.0,20.0,11.755694178379006,0.6347999999999999,0.05,75.0
0.008692684249391906,1,0.1,0.7,8.201632504863229,112.0,1.0,0.3,50.0,20.0,7.586436496592065,0.7361999999999997,0.05,75.0
0.011239257273766108,1,0.1,0.72,10.966888059943809,131.0,1.0,0.3,50.0,20.0,10.767688330512478,0.7356000000000003,0.05,75.0
0.007739905436397843,1,0.1,0.72,8.265012866591965,125.0,1.0,0.3,50.0,20.0,7.890363862311508,0.7209999999999998,0.05,75.0
0.009736769351761385,1,0.1,0.7,9.93968659425292,145.0,1.0,0.3,50.0,20.0,10.366682699155312,0.676,0.05,75.0
0.006793263829744245,1,0.1,0.66,9.564548826053581,112.0,1.0,0.3,50.0,20.0,8.480951714390864,0.7452,0.05,75.0
0.010304382749246386,1,0.1,0.64,11.034693593265617,138.0,1.0,0.3,50.0,20.0,10.749800567375711,0.6881999999999998,0.05,75.0
0.009420730718141456,1,0.1,0.64,11.227592391420602,116.0,1.0,0.3,50.0,20.0,9.889149829332696,0.7634000000000003,0.05,75.0
0.010225583124488647,1,0.1,0.78,10.106399459910516,122.0,1.0,0.3,50.0,20.0,10.833389208745505,0.7270000000000003,0.05,75.0
0.016103892677527248,1,0.1,0.66,18.050048958754278,154.0,1.0,0.3,50.0,20.0,16.84009380356701,0.6515999999999995,0.05,75.0
0.013376237164315172,1,0.1,0.5,14.770281971945622,145.0,1.0,0.3,50.0,20.0,13.883671001479442,0.6206,0.05,75.0
0.0058344625596032556,1,0.1,0.76,9.014217197658247,132.0,1.0,0.3,50.0,20.0,7.837964417163264,0.7036,0.05,75.0
0.008755921053795091,1,0.1,0.78,9.04779630688292,122.0,1.0,0.3,50.0,20.0,8.337459289544737,0.7377999999999996,0.05,75.0
0.008789516118917295,1,0.1,0.58,9.336709391049798,136.0,1.0,0.3,50.0,20.0,9.250879947148508,0.7262,0.05,75.0
0.010660091148969094,1,0.1,0.54,11.745824456813242,139.0,1.0,0.3,50.0,20.0,11.087957650404896,0.6629999999999999,0.05,75.0
0.010513559501611732,1,0.1,0.68,10.366316293235945,127.0,1.0,0.3,50.0,20.0,10.951263346669641,0.6932000000000005,0.05,75.0
0.012329948438533592,1,0.1,0.62,13.317968185183325,144.0,1.0,0.3,50.0,20.0,12.244413414464782,0.6825999999999998,0.05,75.0
0.007394806448322261,1,0.1,0.74,7.1825792448773695,129.0,1.0,0.3,50.0,20.0,7.237472961699444,0.6807999999999998,0.05,75.0
0.0097725833428696,1,0.1,0.76,10.499031284170188,125.0,1.0,0.3,50.0,20.0,9.842237923021829,0.7624000000000002,0.05,75.0
0.004246503902374664,1,0.1,0.74,6.962644470254774,110.0,1.0,0.3,50.0,20.0,6.446972875015473,0.7626,0.05,75.0
0.009929753630077925,1,0.1,0.6,10.949547588539124,132.0,1.0,0.3,50.0,20.0,10.319155368008314,0.7143999999999999,0.05,75.0
0.008172056409253024,1,0.1,0.8,9.089948991802158,114.0,1.0,0.3,50.0,20.0,8.969058412130165,0.7807999999999997,0.05,75.0
0.010928306520934461,1,0.1,0.88,10.275440082655807,124.0,1.0,0.3,50.0,20.0,9.87205606621106,0.7321999999999999,0.05,75.0
0.008465229444988856,1,0.1,0.68,10.208195646382961,137.0,1.0,0.3,50.0,20.0,8.526309388401401,0.7257999999999997,0.05,75.0
0.006410838958734669,1,0.1,0.72,9.591745205168895,141.0,1.0,0.3,50.0,20.0,8.235746586928293,0.6579999999999998,0.05,75.0
0.008881037688459244,1,0.1,0.82,10.199223267997658,137.0,1.0,0.3,50.0,20.0,9.611956249948976,0.6554000000000002,0.05,75.0
0.011755984526392014,1,0.1,0.62,11.783623726944565,134.0,1.0,0.3,50.0,20.0,12.136169574526285,0.6545999999999996,0.05,75.0
0.007710768470300782,1,0.1,0.58,9.365064942861762,138.0,1.0,0.3,50.0,20.0,7.889278118146413,0.6641999999999995,0.05,75.0
0.010689742995028529,1,0.1,0.64,9.513462612246222,142.0,1.0,0.3,50.0,20.0,9.192405582515114,0.7540000000000007,0.05,75.0
0.007889418372457317,1,0.1,0.58,8.438584499490506,130.0,1.0,0.3,50.0,20.0,8.15712166668102,0.6623999999999998,0.05,75.0
0.0068298077243987825,1,0.1,0.76,9.541723219061135,117.0,1.0,0.3,50.0,20.0,8.559052589222839,0.7314000000000002,0.05,75.0
0.0052407161903017625,1,0.1,0.7,8.362244415833468,121.0,1.0,0.3,50.0,20.0,7.5218088731704915,0.7410000000000001,0.05,75.0
0.01007398346328429,1,0.1,0.68,13.30837937056239,127.0,1.0,0.3,50.0,20.0,11.92406636421219,0.6467999999999996,0.05,75.0
0.013588202932768762,1,0.1,0.72,15.496703981112,138.0,1.0,0.3,50.0,20.0,14.761830823364459,0.6367999999999998,0.05,75.0
0.01262593221221041,1,0.1,0.66,12.637290679097443,125.0,1.0,0.3,50.0,20.0,12.12735266022295,0.6851999999999998,0.05,75.0
0.00606136445651307,1,0.1,0.6,6.4938405853208305,128.0,1.0,0.3,50.0,20.0,6.3271583444476756,0.6881999999999998,0.05,75.0
0.011567510842747257,1,0.1,0.44,12.92661761890351,150.0,1.0,0.3,50.0,20.0,12.594214391257047,0.5519999999999999,0.05,75.0
0.010320094456401953,1,0.1,0.66,11.515135618723585,132.0,1.0,0.3,50.0,20.0,11.266700598280217,0.7033999999999996,0.05,75.0
0.00538565705521736,1,0.1,0.82,7.184521644611433,129.0,1.0,0.3,50.0,20.0,6.531892092704479,0.7623999999999996,0.05,75.0
0.009818395494859782,1,0.1,0.68,11.076610928175782,131.0,1.0,0.3,50.0,20.0,10.747385922998482,0.7114000000000005,0.05,75.0
0.010409824771103677,1,0.1,0.56,12.026050547104688,128.0,1.0,0.3,50.0,20.0,11.031174986697842,0.708,0.05,75.0
0.009482759148185029,1,0.1,0.74,9.909042708992752,129.0,1.0,0.3,50.0,20.0,9.133841906568678,0.7292000000000003,0.05,75.0
0.009481501392435553,1,0.1,0.56,12.52053073233705,149.0,1.0,0.3,50.0,20.0,10.99918109488236,0.6512,0.05,75.0
0.009541307977319152,1,0.1,0.68,10.04672175842436,150.0,1.0,0.3,50.0,20.0,10.000063676483538,0.6374,0.05,75.0
0.013819853330636197,1,0.1,0.58,12.528550700499897,124.0,1.0,0.3,50.0,20.0,12.860664292572404,0.6867999999999996,0.05,75.0
0.008927275376842432,1,0.1,0.64,9.942453407977622,134.0,1.0,0.3,50.0,20.0,9.930074483350726,0.7286000000000005,0.05,75.0
0.005575679380238361,1,0.1,0.7,7.270584078505863,113.0,1.0,0.3,50.0,20.0,6.793733398952565,0.7156000000000003,0.05,75.0
0.008015847360972403,1,0.1,0.78,8.253300323221177,136.0,1.0,0.3,50.0,20.0,8.370933799822254,0.7203999999999999,0.05,75.0
0.014196429763078229,0,0.1,0.58,13.858376974010904,128.0,1.0,0.3,50.0,20.0,13.827781124077532,0.6335999999999998,0.05,50.0
0.008134606132369953,0,0.1,0.72,8.516657064248134,113.0,1.0,0.3,50.0,20.0,8.834832224253104,0.7189999999999999,0.05,50.0
0.007700382683347166,0,0.1,0.64,9.821572002425782,122.0,1.0,0.3,50.0,20.0,8.623065205304822,0.69,0.05,50.0
0.010871301343036651,0,0.1,0.66,11.575742117932618,124.0,1.0,0.3,50.0,20.0,11.08198289061283,0.6885999999999997,0.05,50.0
0.008117424987496687,0,0.1,0.64,9.571578135130856,116.0,1.0,0.3,50.0,20.0,8.810583559790112,0.6433999999999997,0.05,50.0
0.009765321106558885,0,0.1,0.66,12.832185034228639,132.0,1.0,0.3,50.0,20.0,13.001091027159275,0.6371999999999997,0.05,50.0
0.01021502171855373,0,0.1,0.78,10.15872333905938,123.0,1.0,0.3,50.0,20.0,10.517244833619834,0.6786,0.05,50.0
0.010175759738333392,0,0.1,0.64,9.290467321616095,110.0,1.0,0.3,50.0,20.0,10.207729358551758,0.7132000000000002,0.05,50.0
0.011378007739082745,0,0.1,0.62,11.73469122513073,128.0,1.0,0.3,50.0,20.0,10.855692493750844,0.6421999999999997,0.05,50.0
0.011647275475036677,0,0.1,0.6,11.389387059214496,122.0,1.0,0.3,50.0,20.0,11.880980409313844,0.6264,0.05,50.0
0.0079797674524274,0,0.1,0.64,9.246884996933108,106.0,1.0,0.3,50.0,20.0,9.286089245557141,0.7254000000000002,0.05,50.0
0.00912069368528109,0,0.1,0.6,9.814489030336345,114.0,1.0,0.3,50.0,20.0,9.362459053223702,0.6852000000000003,0.05,50.0
0.00795911588688811,0,0.1,0.68,10.222762376387609,117.0,1.0,0.3,50.0,20.0,9.914294227235642,0.6991999999999997,0.05,50.0
0.010505590553209971,0,0.1,0.64,12.066831326254881,125.0,1.0,0.3,50.0,20.0,11.42828475477486,0.6703999999999999,0.05,50.0
0.008427807062437495,0,0.1,0.72,8.755803387567564,111.0,1.0,0.3,50.0,20.0,9.027412989147107,0.7264000000000004,0.05,50.0
0.007138795880166116,0,0.1,0.7,8.772881715547989,122.0,1.0,0.3,50.0,20.0,8.851452678531116,0.6722,0.05,50.0
0.007406141495491288,0,0.1,0.78,9.11209186343724,119.0,1.0,0.3,50.0,20.0,8.538069763437962,0.7169999999999999,0.05,50.0
0.011498273225790607,0,0.1,0.68,12.751594052631921,126.0,1.0,0.3,50.0,20.0,11.760471663911316,0.6962,0.05,50.0
0.00857882526431658,0,0.1,0.6,8.31361956215301,117.0,1.0,0.3,50.0,20.0,8.081610376588756,0.6731999999999998,0.05,50.0
0.008493033202718839,0,0.1,0.8,8.873936351584215,114.0,1.0,0.3,50.0,20.0,9.277065283876443,0.6963999999999997,0.05,50.0
0.007551329040012978,0,0.1,0.62,9.051319897712606,118.0,1.0,0.3,50.0,20.0,8.569462717847959,0.7121999999999998,0.05,50.0
0.008239842601893322,0,0.1,0.56,9.503639130091079,124.0,1.0,0.3,50.0,20.0,9.556640697956919,0.6394,0.05,50.0
0.0071441098693844135,0,0.1,0.74,7.00709875818765,109.0,1.0,0.3,50.0,20.0,7.093960596196523,0.7341999999999999,0.05,50.0
0.0066158441268494295,0,0.1,0.8,6.27748964349975,98.0,1.0,0.3,50.0,20.0,6.366515583376788,0.7586000000000003,0.05,50.0
0.010034764238170598,0,0.1,0.6,10.507965758661037,124.0,1.0,0.3,50.0,20.0,10.80424391457652,0.6242,0.05,50.0
